declaration_id,rank,regulation_id,score
6091ab306df3425437ab3113,1,NPA0083,0.850000
6091ab306df3425437ab3113,2,NPA0190,0.650000
6091ab306df3425437ab3113,3,NPA0502,0.600000
6091ab306df3425437ab3113,4,NPA0555,0.550000
6091ab306df3425437ab3113,5,NPA0417,0.500000
6091ab306df3425437ab3113,6,NPA0326,0.450000
6091ab306df3425437ab3113,7,NPA0499,0.400000
6091ab306df3425437ab3113,8,NPA0478,0.350000
6091ab306df3425437ab3113,9,NPA0430,0.300000
6091ab306df3425437ab3113,10,NPA0429,0.250000
609190fc6df3425437aef1af,1,NPA0356,0.800000
609190fc6df3425437aef1af,2,NPA0396,0.750000
609190fc6df3425437aef1af,3,NPA0243,0.700000
609190fc6df3425437aef1af,4,NPA0383,0.650000
609190fc6df3425437aef1af,5,NPA0147,0.600000
609190fc6df3425437aef1af,6,NPA0083,0.550000
609190fc6df3425437aef1af,7,NPA0142,0.500000
609190fc6df3425437aef1af,8,NPA0074,0.500000
609190fc6df3425437aef1af,9,NPA0357,0.450000
609190fc6df3425437aef1af,10,NPA0275,0.400000
60926ff56df3425437dac7c5,1,NPA0159,0.850000
60926ff56df3425437dac7c5,2,NPA0179,0.750000
60926ff56df3425437dac7c5,3,NPA0312,0.700000
60926ff56df3425437dac7c5,4,NPA0546,0.650000
60926ff56df3425437dac7c5,5,NPA0548,0.600000
60926ff56df3425437dac7c5,6,NPA0144,0.550000
60926ff56df3425437dac7c5,7,NPA0310,0.500000
60926ff56df3425437dac7c5,8,NPA0224,0.450000
60926ff56df3425437dac7c5,9,NPA0065,0.400000
60926ff56df3425437dac7c5,10,NPA0297,0.350000
60941fc06df34254375e2f72,1,NPA0159,0.850000
60941fc06df34254375e2f72,2,NPA0546,0.850000
60941fc06df34254375e2f72,3,NPA0353,0.750000
60941fc06df34254375e2f72,4,NPA0144,0.700000
60941fc06df34254375e2f72,5,NPA0548,0.650000
60941fc06df34254375e2f72,6,NPA0312,0.600000
60941fc06df34254375e2f72,7,NPA0297,0.550000
60941fc06df34254375e2f72,8,NPA0352,0.500000
60941fc06df34254375e2f72,9,NPA0310,0.450000
60941fc06df34254375e2f72,10,NPA0375,0.400000
60933b696df34254372e4337,1,NPA0400,0.050000
60933b696df34254372e4337,2,NPA0356,0.050000
60933b696df34254372e4337,3,NPA0499,0.050000
60933b696df34254372e4337,4,NPA0429,0.050000
60933b696df34254372e4337,5,NPA0555,0.050000
60933b696df34254372e4337,6,NPA0020,0.050000
60933b696df34254372e4337,7,NPA0518,0.050000
60933b696df34254372e4337,8,NPA0170,0.050000
60933b696df34254372e4337,9,NPA0538,0.050000
60933b696df34254372e4337,10,NPA0297,0.050000
6093479e6df34254379fbc0b,1,NPA0356,0.950000
6093479e6df34254379fbc0b,2,NPA0275,0.900000
6093479e6df34254379fbc0b,3,NPA0359,0.850000
6093479e6df34254379fbc0b,4,NPA0318,0.800000
6093479e6df34254379fbc0b,5,NPA0100,0.750000
6093479e6df34254379fbc0b,6,NPA0365,0.700000
6093479e6df34254379fbc0b,7,NPA0099,0.650000
6093479e6df34254379fbc0b,8,NPA0400,0.600000
6093479e6df34254379fbc0b,9,NPA0396,0.550000
6093479e6df34254379fbc0b,10,NPA0480,0.500000
609178846df34254377c2837,1,NPA0295,0.850000
609178846df34254377c2837,2,NPA0108,0.800000
609178846df34254377c2837,3,NPA0275,0.750000
609178846df34254377c2837,4,NPA0060,0.700000
609178846df34254377c2837,5,NPA0326,0.650000
609178846df34254377c2837,6,NPA0506,0.600000
609178846df34254377c2837,7,NPA0130,0.550000
609178846df34254377c2837,8,NPA0021,0.500000
609178846df34254377c2837,9,NPA0481,0.450000
609178846df34254377c2837,10,NPA0007,0.400000
609187056df34254372c69f2,1,NPA0356,0.850000
609187056df34254372c69f2,2,NPA0275,0.850000
609187056df34254372c69f2,3,NPA0060,0.850000
609187056df34254372c69f2,4,NPA0130,0.850000
609187056df34254372c69f2,5,NPA0074,0.600000
609187056df34254372c69f2,6,NPA0142,0.600000
609187056df34254372c69f2,7,NPA0431,0.600000
609187056df34254372c69f2,8,NPA0365,0.400000
609187056df34254372c69f2,9,NPA0555,0.300000
609187056df34254372c69f2,10,NPA0562,0.250000
609252c66df342543723e641,1,NPA0179,0.850000
609252c66df342543723e641,2,NPA0321,0.800000
609252c66df342543723e641,3,NPA0225,0.750000
609252c66df342543723e641,4,NPA0543,0.700000
609252c66df342543723e641,5,NPA0159,0.650000
609252c66df342543723e641,6,NPA0219,0.600000
609252c66df342543723e641,7,NPA0005,0.550000
609252c66df342543723e641,8,NPA0260,0.500000
609252c66df342543723e641,9,NPA0148,0.450000
609252c66df342543723e641,10,NPA0131,0.400000
6091c6086df3425437c97515,1,NPA0318,0.950000
6091c6086df3425437c97515,2,NPA0086,0.900000
6091c6086df3425437c97515,3,NPA0142,0.850000
6091c6086df3425437c97515,4,NPA0148,0.800000
6091c6086df3425437c97515,5,NPA0389,0.750000
6091c6086df3425437c97515,6,NPA0054,0.700000
6091c6086df3425437c97515,7,NPA0083,0.650000
6091c6086df3425437c97515,8,NPA0107,0.600000
6091c6086df3425437c97515,9,NPA0013,0.550000
6091c6086df3425437c97515,10,NPA0297,0.500000
60932cb16df3425437e6728f,1,NPA0400,0.050000
60932cb16df3425437e6728f,2,NPA0297,0.050000
60932cb16df3425437e6728f,3,NPA0172,0.050000
60932cb16df3425437e6728f,4,NPA0107,0.050000
60932cb16df3425437e6728f,5,NPA0429,0.050000
60932cb16df3425437e6728f,6,NPA0097,0.050000
60932cb16df3425437e6728f,7,NPA0159,0.050000
60932cb16df3425437e6728f,8,NPA0142,0.050000
60932cb16df3425437e6728f,9,NPA0546,0.050000
60932cb16df3425437e6728f,10,NPA0253,0.050000
6092040b6df3425437caa69f,1,NPA0190,0.100000
6092040b6df3425437caa69f,2,NPA0318,0.100000
6092040b6df3425437caa69f,3,NPA0275,0.100000
6092040b6df3425437caa69f,4,NPA0173,0.100000
6092040b6df3425437caa69f,5,NPA0142,0.100000
6092040b6df3425437caa69f,6,NPA0085,0.100000
6092040b6df3425437caa69f,7,NPA0100,0.100000
6092040b6df3425437caa69f,8,NPA0074,0.100000
6092040b6df3425437caa69f,9,NPA0099,0.100000
6092040b6df3425437caa69f,10,NPA0246,0.100000
6093003b6df3425437ffffdc,1,NPA0555,0.800000
6093003b6df3425437ffffdc,2,NPA0535,0.750000
6093003b6df3425437ffffdc,3,NPA0479,0.700000
6093003b6df3425437ffffdc,4,NPA0388,0.650000
6093003b6df3425437ffffdc,5,NPA0272,0.600000
6093003b6df3425437ffffdc,6,NPA0178,0.550000
6093003b6df3425437ffffdc,7,NPA0363,0.500000
6093003b6df3425437ffffdc,8,NPA0232,0.450000
6093003b6df3425437ffffdc,9,NPA0093,0.400000
6093003b6df3425437ffffdc,10,NPA0348,0.350000
609162026df34254379ab8ad,1,NPA0108,0.950000
609162026df34254379ab8ad,2,NPA0559,0.900000
609162026df34254379ab8ad,3,NPA0502,0.850000
609162026df34254379ab8ad,4,NPA0554,0.800000
609162026df34254379ab8ad,5,NPA0398,0.750000
609162026df34254379ab8ad,6,NPA0506,0.700000
609162026df34254379ab8ad,7,NPA0159,0.650000
609162026df34254379ab8ad,8,NPA0115,0.600000
609162026df34254379ab8ad,9,NPA0060,0.550000
609162026df34254379ab8ad,10,NPA0382,0.500000
609320176df342543709102b,1,NPA0383,0.950000
609320176df342543709102b,2,NPA0345,0.900000
609320176df342543709102b,3,NPA0173,0.850000
609320176df342543709102b,4,NPA0020,0.800000
609320176df342543709102b,5,NPA0356,0.750000
609320176df342543709102b,6,NPA0226,0.700000
609320176df342543709102b,7,NPA0060,0.650000
609320176df342543709102b,8,NPA0189,0.600000
609320176df342543709102b,9,NPA0011,0.550000
609320176df342543709102b,10,NPA0074,0.500000
609331b56df3425437066ca5,1,NPA0173,0.950000
609331b56df3425437066ca5,2,NPA0108,0.900000
609331b56df3425437066ca5,3,NPA0400,0.850000
609331b56df3425437066ca5,4,NPA0398,0.800000
609331b56df3425437066ca5,5,NPA0172,0.750000
609331b56df3425437066ca5,6,NPA0189,0.700000
609331b56df3425437066ca5,7,NPA0356,0.650000
609331b56df3425437066ca5,8,NPA0060,0.600000
609331b56df3425437066ca5,9,NPA0130,0.550000
609331b56df3425437066ca5,10,NPA0470,0.500000
609268806df3425437a48ad6,1,NPA0010,0.850000
609268806df3425437a48ad6,2,NPA0115,0.750000
609268806df3425437a48ad6,3,NPA0474,0.650000
609268806df3425437a48ad6,4,NPA0185,0.550000
609268806df3425437a48ad6,5,NPA0355,0.450000
609268806df3425437a48ad6,6,NPA0199,0.350000
609268806df3425437a48ad6,7,NPA0143,0.250000
609268806df3425437a48ad6,8,NPA0440,0.150000
609268806df3425437a48ad6,9,NPA0363,0.100000
609268806df3425437a48ad6,10,NPA0159,0.050000
6093a8586df3425437a07c41,1,NPA0556,0.250000
6093a8586df3425437a07c41,2,NPA0546,0.200000
6093a8586df3425437a07c41,3,NPA0553,0.200000
6093a8586df3425437a07c41,4,NPA0115,0.150000
6093a8586df3425437a07c41,5,NPA0005,0.150000
6093a8586df3425437a07c41,6,NPA0273,0.100000
6093a8586df3425437a07c41,7,NPA0093,0.100000
6093a8586df3425437a07c41,8,NPA0254,0.100000
6093a8586df3425437a07c41,9,NPA0232,0.100000
6093a8586df3425437a07c41,10,NPA0537,0.100000
60918a746df3425437604956,1,NPA0360,0.850000
60918a746df3425437604956,2,NPA0211,0.750000
60918a746df3425437604956,3,NPA0517,0.700000
60918a746df3425437604956,4,NPA0557,0.650000
60918a746df3425437604956,5,NPA0173,0.600000
60918a746df3425437604956,6,NPA0238,0.550000
60918a746df3425437604956,7,NPA0189,0.500000
60918a746df3425437604956,8,NPA0156,0.450000
60918a746df3425437604956,9,NPA0005,0.400000
60918a746df3425437604956,10,NPA0115,0.350000
6091f1746df34254370f8e56,1,NPA0323,0.950000
6091f1746df34254370f8e56,2,NPA0259,0.900000
6091f1746df34254370f8e56,3,NPA0382,0.850000
6091f1746df34254370f8e56,4,NPA0214,0.800000
6091f1746df34254370f8e56,5,NPA0091,0.750000
6091f1746df34254370f8e56,6,NPA0322,0.700000
6091f1746df34254370f8e56,7,NPA0456,0.650000
6091f1746df34254370f8e56,8,NPA0442,0.600000
6091f1746df34254370f8e56,9,NPA0159,0.550000
6091f1746df34254370f8e56,10,NPA0546,0.500000
6091ebeb6df3425437c156db,1,NPA0429,0.850000
6091ebeb6df3425437c156db,2,NPA0559,0.750000
6091ebeb6df3425437c156db,3,NPA0159,0.650000
6091ebeb6df3425437c156db,4,NPA0441,0.600000
6091ebeb6df3425437c156db,5,NPA0010,0.550000
6091ebeb6df3425437c156db,6,NPA0546,0.500000
6091ebeb6df3425437c156db,7,NPA0361,0.500000
6091ebeb6df3425437c156db,8,NPA0552,0.500000
6091ebeb6df3425437c156db,9,NPA0551,0.500000
6091ebeb6df3425437c156db,10,NPA0140,0.450000
6093baa36df3425437b7fcd2,1,NPA0547,0.850000
6093baa36df3425437b7fcd2,2,NPA0440,0.800000
6093baa36df3425437b7fcd2,3,NPA0391,0.750000
6093baa36df3425437b7fcd2,4,NPA0478,0.700000
6093baa36df3425437b7fcd2,5,NPA0537,0.650000
6093baa36df3425437b7fcd2,6,NPA0365,0.600000
6093baa36df3425437b7fcd2,7,NPA0457,0.550000
6093baa36df3425437b7fcd2,8,NPA0254,0.500000
6093baa36df3425437b7fcd2,9,NPA0420,0.450000
6093baa36df3425437b7fcd2,10,NPA0045,0.400000
609274696df342543701ea26,1,NPA0401,0.250000
609274696df342543701ea26,2,NPA0172,0.250000
609274696df342543701ea26,3,NPA0103,0.250000
609274696df342543701ea26,4,NPA0479,0.250000
609274696df342543701ea26,5,NPA0253,0.250000
609274696df342543701ea26,6,NPA0173,0.250000
609274696df342543701ea26,7,NPA0334,0.250000
609274696df342543701ea26,8,NPA0115,0.250000
609274696df342543701ea26,9,NPA0535,0.250000
609274696df342543701ea26,10,NPA0215,0.250000
6093b9186df3425437a5d53e,1,NPA0546,0.850000
6093b9186df3425437a5d53e,2,NPA0159,0.750000
6093b9186df3425437a5d53e,3,NPA0557,0.650000
6093b9186df3425437a5d53e,4,NPA0375,0.600000
6093b9186df3425437a5d53e,5,NPA0091,0.550000
6093b9186df3425437a5d53e,6,NPA0189,0.500000
6093b9186df3425437a5d53e,7,NPA0383,0.500000
6093b9186df3425437a5d53e,8,NPA0142,0.450000
6093b9186df3425437a5d53e,9,NPA0308,0.400000
6093b9186df3425437a5d53e,10,NPA0211,0.350000
609137446df3425437fb9f66,1,NPA0224,0.850000
609137446df3425437fb9f66,2,NPA0348,0.750000
609137446df3425437fb9f66,3,NPA0292,0.700000
609137446df3425437fb9f66,4,NPA0297,0.650000
609137446df3425437fb9f66,5,NPA0164,0.600000
609137446df3425437fb9f66,6,NPA0281,0.550000
609137446df3425437fb9f66,7,NPA0302,0.500000
609137446df3425437fb9f66,8,NPA0455,0.450000
609137446df3425437fb9f66,9,NPA0092,0.400000
609137446df3425437fb9f66,10,NPA0361,0.350000
6092797b6df3425437237467,1,NPA0322,0.950000
6092797b6df3425437237467,2,NPA0147,0.900000
6092797b6df3425437237467,3,NPA0365,0.850000
6092797b6df3425437237467,4,NPA0235,0.800000
6092797b6df3425437237467,5,NPA0159,0.750000
6092797b6df3425437237467,6,NPA0546,0.700000
6092797b6df3425437237467,7,NPA0144,0.650000
6092797b6df3425437237467,8,NPA0557,0.600000
6092797b6df3425437237467,9,NPA0551,0.550000
6092797b6df3425437237467,10,NPA0297,0.500000
609174796df34254373bef38,1,NPA0429,0.950000
609174796df34254373bef38,2,NPA0404,0.850000
609174796df34254373bef38,3,NPA0499,0.750000
609174796df34254373bef38,4,NPA0497,0.700000
609174796df34254373bef38,5,NPA0352,0.650000
609174796df34254373bef38,6,NPA0246,0.600000
609174796df34254373bef38,7,NPA0130,0.550000
609174796df34254373bef38,8,NPA0197,0.500000
609174796df34254373bef38,9,NPA0129,0.450000
609174796df34254373bef38,10,NPA0140,0.400000
609285fd6df3425437883121,1,NPA0352,0.950000
609285fd6df3425437883121,2,NPA0429,0.900000
609285fd6df3425437883121,3,NPA0172,0.850000
609285fd6df3425437883121,4,NPA0400,0.800000
609285fd6df3425437883121,5,NPA0156,0.750000
609285fd6df3425437883121,6,NPA0398,0.700000
609285fd6df3425437883121,7,NPA0202,0.650000
609285fd6df3425437883121,8,NPA0275,0.600000
609285fd6df3425437883121,9,NPA0032,0.550000
609285fd6df3425437883121,10,NPA0297,0.500000
6095950e6df3425437e04199,1,NPA0005,0.950000
6095950e6df3425437e04199,2,NPA0159,0.850000
6095950e6df3425437e04199,3,NPA0312,0.800000
6095950e6df3425437e04199,4,NPA0273,0.750000
6095950e6df3425437e04199,5,NPA0297,0.700000
6095950e6df3425437e04199,6,NPA0173,0.650000
6095950e6df3425437e04199,7,NPA0546,0.600000
6095950e6df3425437e04199,8,NPA0115,0.550000
6095950e6df3425437e04199,9,NPA0093,0.500000
6095950e6df3425437e04199,10,NPA0235,0.450000
609336aa6df34254372270c9,1,NPA0545,0.250000
609336aa6df34254372270c9,2,NPA0322,0.250000
609336aa6df34254372270c9,3,NPA0159,0.100000
609336aa6df34254372270c9,4,NPA0546,0.100000
609336aa6df34254372270c9,5,NPA0312,0.100000
609336aa6df34254372270c9,6,NPA0189,0.100000
609336aa6df34254372270c9,7,NPA0259,0.100000
609336aa6df34254372270c9,8,NPA0273,0.100000
609336aa6df34254372270c9,9,NPA0093,0.100000
609336aa6df34254372270c9,10,NPA0115,0.100000
60925f816df342543766e6b8,1,NPA0546,0.250000
60925f816df342543766e6b8,2,NPA0159,0.250000
60925f816df342543766e6b8,3,NPA0548,0.100000
60925f816df342543766e6b8,4,NPA0471,0.100000
60925f816df342543766e6b8,5,NPA0545,0.100000
60925f816df342543766e6b8,6,NPA0224,0.100000
60925f816df342543766e6b8,7,NPA0312,0.100000
60925f816df342543766e6b8,8,NPA0144,0.050000
60925f816df342543766e6b8,9,NPA0353,0.050000
60925f816df342543766e6b8,10,NPA0311,0.050000
6091be486df342543776f120,1,NPA0429,0.950000
6091be486df342543776f120,2,NPA0404,0.900000
6091be486df342543776f120,3,NPA0173,0.850000
6091be486df342543776f120,4,NPA0202,0.800000
6091be486df342543776f120,5,NPA0159,0.750000
6091be486df342543776f120,6,NPA0398,0.700000
6091be486df342543776f120,7,NPA0400,0.650000
6091be486df342543776f120,8,NPA0115,0.600000
6091be486df342543776f120,9,NPA0107,0.550000
6091be486df342543776f120,10,NPA0546,0.500000
609153126df34254372010a9,1,NPA0548,0.950000
609153126df34254372010a9,2,NPA0159,0.850000
609153126df34254372010a9,3,NPA0546,0.750000
609153126df34254372010a9,4,NPA0353,0.650000
609153126df34254372010a9,5,NPA0310,0.550000
609153126df34254372010a9,6,NPA0312,0.450000
609153126df34254372010a9,7,NPA0471,0.350000
609153126df34254372010a9,8,NPA0259,0.250000
609153126df34254372010a9,9,NPA0311,0.150000
609153126df34254372010a9,10,NPA0224,0.050000
6091e5796df34254376dfd4e,1,NPA0224,0.850000
6091e5796df34254376dfd4e,2,NPA0225,0.850000
6091e5796df34254376dfd4e,3,NPA0219,0.750000
6091e5796df34254376dfd4e,4,NPA0315,0.600000
6091e5796df34254376dfd4e,5,NPA0164,0.550000
6091e5796df34254376dfd4e,6,NPA0144,0.500000
6091e5796df34254376dfd4e,7,NPA0310,0.450000
6091e5796df34254376dfd4e,8,NPA0160,0.400000
6091e5796df34254376dfd4e,9,NPA0546,0.350000
6091e5796df34254376dfd4e,10,NPA0162,0.300000
60955d4e6df3425437ec70c9,1,NPA0407,0.950000
60955d4e6df3425437ec70c9,2,NPA0416,0.900000
60955d4e6df3425437ec70c9,3,NPA0396,0.850000
60955d4e6df3425437ec70c9,4,NPA0284,0.850000
60955d4e6df3425437ec70c9,5,NPA0359,0.850000
60955d4e6df3425437ec70c9,6,NPA0099,0.800000
60955d4e6df3425437ec70c9,7,NPA0361,0.750000
60955d4e6df3425437ec70c9,8,NPA0507,0.700000
60955d4e6df3425437ec70c9,9,NPA0207,0.650000
60955d4e6df3425437ec70c9,10,NPA0179,0.600000
6092401a6df3425437bd87ac,1,NPA0083,0.950000
6092401a6df3425437bd87ac,2,NPA0190,0.900000
6092401a6df3425437bd87ac,3,NPA0007,0.850000
6092401a6df3425437bd87ac,4,NPA0005,0.800000
6092401a6df3425437bd87ac,5,NPA0156,0.750000
6092401a6df3425437bd87ac,6,NPA0142,0.700000
6092401a6df3425437bd87ac,7,NPA0502,0.650000
6092401a6df3425437bd87ac,8,NPA0096,0.600000
6092401a6df3425437bd87ac,9,NPA0159,0.550000
6092401a6df3425437bd87ac,10,NPA0152,0.500000
6093b1326df34254373650b2,1,NPA0142,0.050000
6093b1326df34254373650b2,2,NPA0147,0.050000
6093b1326df34254373650b2,3,NPA0480,0.050000
6093b1326df34254373650b2,4,NPA0416,0.050000
6093b1326df34254373650b2,5,NPA0396,0.050000
6093b1326df34254373650b2,6,NPA0284,0.050000
6093b1326df34254373650b2,7,NPA0074,0.050000
6093b1326df34254373650b2,8,NPA0076,0.050000
6093b1326df34254373650b2,9,NPA0315,0.050000
6093b1326df34254373650b2,10,NPA0207,0.050000
6093f9df6df3425437b72403,1,NPA0356,0.250000
6093f9df6df3425437b72403,2,NPA0060,0.250000
6093f9df6df3425437b72403,3,NPA0199,0.250000
6093f9df6df3425437b72403,4,NPA0130,0.250000
6093f9df6df3425437b72403,5,NPA0142,0.250000
6093f9df6df3425437b72403,6,NPA0156,0.250000
6093f9df6df3425437b72403,7,NPA0007,0.250000
6093f9df6df3425437b72403,8,NPA0481,0.250000
6093f9df6df3425437b72403,9,NPA0189,0.250000
6093f9df6df3425437b72403,10,NPA0383,0.250000
6093075c6df3425437a102d5,1,NPA0429,0.950000
6093075c6df3425437a102d5,2,NPA0288,0.850000
6093075c6df3425437a102d5,3,NPA0352,0.750000
6093075c6df3425437a102d5,4,NPA0172,0.700000
6093075c6df3425437a102d5,5,NPA0404,0.650000
6093075c6df3425437a102d5,6,NPA0400,0.600000
6093075c6df3425437a102d5,7,NPA0398,0.550000
6093075c6df3425437a102d5,8,NPA0183,0.500000
6093075c6df3425437a102d5,9,NPA0083,0.450000
6093075c6df3425437a102d5,10,NPA0212,0.400000
609138cc6df34254370f4076,1,NPA0553,0.850000
609138cc6df34254370f4076,2,NPA0556,0.800000
609138cc6df34254370f4076,3,NPA0537,0.800000
609138cc6df34254370f4076,4,NPA0550,0.250000
609138cc6df34254370f4076,5,NPA0546,0.100000
609138cc6df34254370f4076,6,NPA0159,0.100000
609138cc6df34254370f4076,7,NPA0150,0.100000
609138cc6df34254370f4076,8,NPA0118,0.100000
609138cc6df34254370f4076,9,NPA0143,0.100000
609138cc6df34254370f4076,10,NPA0185,0.100000
6092fcea6df3425437a04929,1,NPA0190,0.800000
6092fcea6df3425437a04929,2,NPA0141,0.700000
6092fcea6df3425437a04929,3,NPA0248,0.600000
6092fcea6df3425437a04929,4,NPA0188,0.600000
6092fcea6df3425437a04929,5,NPA0180,0.600000
6092fcea6df3425437a04929,6,NPA0156,0.500000
6092fcea6df3425437a04929,7,NPA0140,0.500000
6092fcea6df3425437a04929,8,NPA0129,0.400000
6092fcea6df3425437a04929,9,NPA0116,0.400000
6092fcea6df3425437a04929,10,NPA0053,0.300000
609425996df3425437b6de03,1,NPA0297,0.050000
609425996df3425437b6de03,2,NPA0189,0.050000
609425996df3425437b6de03,3,NPA0074,0.050000
609425996df3425437b6de03,4,NPA0060,0.050000
609425996df3425437b6de03,5,NPA0356,0.050000
609425996df3425437b6de03,6,NPA0083,0.050000
609425996df3425437b6de03,7,NPA0100,0.050000
609425996df3425437b6de03,8,NPA0226,0.050000
609425996df3425437b6de03,9,NPA0400,0.050000
609425996df3425437b6de03,10,NPA0562,0.050000
6091fdbc6df34254378c88bb,1,NPA0158,0.950000
6091fdbc6df34254378c88bb,2,NPA0151,0.900000
6091fdbc6df34254378c88bb,3,NPA0430,0.850000
6091fdbc6df34254378c88bb,4,NPA0052,0.850000
6091fdbc6df34254378c88bb,5,NPA0284,0.800000
6091fdbc6df34254378c88bb,6,NPA0359,0.800000
6091fdbc6df34254378c88bb,7,NPA0109,0.750000
6091fdbc6df34254378c88bb,8,NPA0183,0.700000
6091fdbc6df34254378c88bb,9,NPA0237,0.650000
6091fdbc6df34254378c88bb,10,NPA0207,0.600000
609182f86df3425437eb1690,1,NPA0544,0.050000
609182f86df3425437eb1690,2,NPA0551,0.050000
609182f86df3425437eb1690,3,NPA0356,0.050000
609182f86df3425437eb1690,4,NPA0396,0.050000
609182f86df3425437eb1690,5,NPA0315,0.050000
609182f86df3425437eb1690,6,NPA0383,0.050000
609182f86df3425437eb1690,7,NPA0243,0.050000
609182f86df3425437eb1690,8,NPA0076,0.050000
609182f86df3425437eb1690,9,NPA0099,0.050000
609182f86df3425437eb1690,10,NPA0066,0.050000
6091b76c6df342543729d888,1,NPA0416,0.950000
6091b76c6df342543729d888,2,NPA0352,0.900000
6091b76c6df342543729d888,3,NPA0183,0.850000
6091b76c6df342543729d888,4,NPA0429,0.800000
6091b76c6df342543729d888,5,NPA0156,0.750000
6091b76c6df342543729d888,6,NPA0275,0.700000
6091b76c6df342543729d888,7,NPA0042,0.650000
6091b76c6df342543729d888,8,NPA0107,0.600000
6091b76c6df342543729d888,9,NPA0013,0.550000
6091b76c6df342543729d888,10,NPA0032,0.500000
609379536df3425437dde49c,1,NPA0241,0.900000
609379536df3425437dde49c,2,NPA0060,0.850000
609379536df3425437dde49c,3,NPA0383,0.800000
609379536df3425437dde49c,4,NPA0345,0.750000
609379536df3425437dde49c,5,NPA0356,0.700000
609379536df3425437dde49c,6,NPA0156,0.650000
609379536df3425437dde49c,7,NPA0401,0.600000
609379536df3425437dde49c,8,NPA0159,0.550000
609379536df3425437dde49c,9,NPA0546,0.500000
609379536df3425437dde49c,10,NPA0304,0.450000
60940ad76df342543717e0e2,1,NPA0400,0.950000
60940ad76df342543717e0e2,2,NPA0429,0.900000
60940ad76df342543717e0e2,3,NPA0218,0.850000
60940ad76df342543717e0e2,4,NPA0183,0.800000
60940ad76df342543717e0e2,5,NPA0398,0.750000
60940ad76df342543717e0e2,6,NPA0404,0.700000
60940ad76df342543717e0e2,7,NPA0220,0.650000
60940ad76df342543717e0e2,8,NPA0457,0.600000
60940ad76df342543717e0e2,9,NPA0214,0.550000
60940ad76df342543717e0e2,10,NPA0356,0.500000
609345826df34254373c1e38,1,NPA0304,0.850000
609345826df34254373c1e38,2,NPA0241,0.850000
609345826df34254373c1e38,3,NPA0146,0.050000
609345826df34254373c1e38,4,NPA0439,0.050000
609345826df34254373c1e38,5,NPA0397,0.050000
609345826df34254373c1e38,6,NPA0156,0.050000
609345826df34254373c1e38,7,NPA0401,0.050000
609345826df34254373c1e38,8,NPA0224,0.050000
609345826df34254373c1e38,9,NPA0148,0.050000
609345826df34254373c1e38,10,NPA0424,0.050000
60913d286df3425437424115,1,NPA0429,0.850000
60913d286df3425437424115,2,NPA0220,0.750000
60913d286df3425437424115,3,NPA0400,0.650000
60913d286df3425437424115,4,NPA0352,0.600000
60913d286df3425437424115,5,NPA0013,0.550000
60913d286df3425437424115,6,NPA0537,0.500000
60913d286df3425437424115,7,NPA0389,0.450000
60913d286df3425437424115,8,NPA0084,0.400000
60913d286df3425437424115,9,NPA0554,0.350000
60913d286df3425437424115,10,NPA0297,0.300000
60936ca56df342543794f1af,1,NPA0557,0.950000
60936ca56df342543794f1af,2,NPA0118,0.900000
60936ca56df342543794f1af,3,NPA0537,0.900000
60936ca56df342543794f1af,4,NPA0207,0.850000
60936ca56df342543794f1af,5,NPA0122,0.800000
60936ca56df342543794f1af,6,NPA0159,0.750000
60936ca56df342543794f1af,7,NPA0546,0.750000
60936ca56df342543794f1af,8,NPA0173,0.650000
60936ca56df342543794f1af,9,NPA0005,0.600000
60936ca56df342543794f1af,10,NPA0308,0.550000
609180ae6df3425437c695be,1,NPA0388,0.950000
609180ae6df3425437c695be,2,NPA0179,0.850000
609180ae6df3425437c695be,3,NPA0429,0.750000
609180ae6df3425437c695be,4,NPA0404,0.700000
609180ae6df3425437c695be,5,NPA0420,0.650000
609180ae6df3425437c695be,6,NPA0398,0.600000
609180ae6df3425437c695be,7,NPA0441,0.600000
609180ae6df3425437c695be,8,NPA0010,0.250000
609180ae6df3425437c695be,9,NPA0311,0.150000
609180ae6df3425437c695be,10,NPA0074,0.100000
6093238f6df3425437bf7106,1,NPA0400,0.050000
6093238f6df3425437bf7106,2,NPA0183,0.050000
6093238f6df3425437bf7106,3,NPA0499,0.050000
6093238f6df3425437bf7106,4,NPA0538,0.050000
6093238f6df3425437bf7106,5,NPA0214,0.050000
6093238f6df3425437bf7106,6,NPA0429,0.050000
6093238f6df3425437bf7106,7,NPA0398,0.050000
6093238f6df3425437bf7106,8,NPA0356,0.050000
6093238f6df3425437bf7106,9,NPA0204,0.050000
6093238f6df3425437bf7106,10,NPA0557,0.050000
6091d67e6df3425437b37a60,1,NPA0219,0.050000
6091d67e6df3425437b37a60,2,NPA0144,0.050000
6091d67e6df3425437b37a60,3,NPA0125,0.050000
6091d67e6df3425437b37a60,4,NPA0411,0.050000
6091d67e6df3425437b37a60,5,NPA0329,0.050000
6091d67e6df3425437b37a60,6,NPA0546,0.050000
6091d67e6df3425437b37a60,7,NPA0159,0.050000
6091d67e6df3425437b37a60,8,NPA0224,0.050000
6091d67e6df3425437b37a60,9,NPA0315,0.050000
6091d67e6df3425437b37a60,10,NPA0045,0.050000
60920c886df34254372c41f5,1,NPA0558,0.850000
60920c886df34254372c41f5,2,NPA0144,0.250000
60920c886df34254372c41f5,3,NPA0150,0.250000
60920c886df34254372c41f5,4,NPA0159,0.250000
60920c886df34254372c41f5,5,NPA0546,0.250000
60920c886df34254372c41f5,6,NPA0438,0.250000
60920c886df34254372c41f5,7,NPA0391,0.250000
60920c886df34254372c41f5,8,NPA0361,0.250000
60920c886df34254372c41f5,9,NPA0092,0.250000
60920c886df34254372c41f5,10,NPA0308,0.250000
6093ccba6df342543758a373,1,NPA0304,0.250000
6093ccba6df342543758a373,2,NPA0241,0.250000
6093ccba6df342543758a373,3,NPA0153,0.100000
6093ccba6df342543758a373,4,NPA0156,0.100000
6093ccba6df342543758a373,5,NPA0424,0.050000
6093ccba6df342543758a373,6,NPA0148,0.050000
6093ccba6df342543758a373,7,NPA0401,0.050000
6093ccba6df342543758a373,8,NPA0543,0.050000
6093ccba6df342543758a373,9,NPA0400,0.050000
6093ccba6df342543758a373,10,NPA0124,0.050000
6091d4ec6df34254379b5ef5,1,NPA0429,0.850000
6091d4ec6df34254379b5ef5,2,NPA0352,0.750000
6091d4ec6df34254379b5ef5,3,NPA0398,0.650000
6091d4ec6df34254379b5ef5,4,NPA0378,0.550000
6091d4ec6df34254379b5ef5,5,NPA0140,0.500000
6091d4ec6df34254379b5ef5,6,NPA0129,0.500000
6091d4ec6df34254379b5ef5,7,NPA0297,0.450000
6091d4ec6df34254379b5ef5,8,NPA0552,0.400000
6091d4ec6df34254379b5ef5,9,NPA0147,0.350000
6091d4ec6df34254379b5ef5,10,NPA0084,0.300000
6093bbad6df3425437c553ae,1,NPA0220,0.950000
6093bbad6df3425437c553ae,2,NPA0416,0.850000
6093bbad6df3425437c553ae,3,NPA0140,0.750000
6093bbad6df3425437c553ae,4,NPA0404,0.700000
6093bbad6df3425437c553ae,5,NPA0398,0.650000
6093bbad6df3425437c553ae,6,NPA0186,0.600000
6093bbad6df3425437c553ae,7,NPA0302,0.550000
6093bbad6df3425437c553ae,8,NPA0129,0.500000
6093bbad6df3425437c553ae,9,NPA0309,0.450000
6093bbad6df3425437c553ae,10,NPA0183,0.400000
609261be6df342543774abf7,1,NPA0114,0.950000
609261be6df342543774abf7,2,NPA0279,0.850000
609261be6df342543774abf7,3,NPA0084,0.800000
609261be6df342543774abf7,4,NPA0365,0.750000
609261be6df342543774abf7,5,NPA0357,0.700000
609261be6df342543774abf7,6,NPA0345,0.650000
609261be6df342543774abf7,7,NPA0350,0.600000
609261be6df342543774abf7,8,NPA0342,0.550000
609261be6df342543774abf7,9,NPA0110,0.500000
609261be6df342543774abf7,10,NPA0318,0.450000
609423a96df34254378ffc16,1,NPA0156,0.850000
609423a96df34254378ffc16,2,NPA0383,0.800000
609423a96df34254378ffc16,3,NPA0344,0.750000
609423a96df34254378ffc16,4,NPA0119,0.700000
609423a96df34254378ffc16,5,NPA0189,0.650000
609423a96df34254378ffc16,6,NPA0424,0.600000
609423a96df34254378ffc16,7,NPA0212,0.550000
609423a96df34254378ffc16,8,NPA0248,0.500000
609423a96df34254378ffc16,9,NPA0235,0.450000
609423a96df34254378ffc16,10,NPA0241,0.400000
60925aff6df34254374b3388,1,NPA0549,0.050000
60925aff6df34254374b3388,2,NPA0144,0.050000
60925aff6df34254374b3388,3,NPA0159,0.050000
60925aff6df34254374b3388,4,NPA0179,0.050000
60925aff6df34254374b3388,5,NPA0353,0.050000
60925aff6df34254374b3388,6,NPA0351,0.050000
60925aff6df34254374b3388,7,NPA0312,0.050000
60925aff6df34254374b3388,8,NPA0310,0.050000
60925aff6df34254374b3388,9,NPA0311,0.050000
60925aff6df34254374b3388,10,NPA0259,0.050000
6091ac066df3425437b7c927,1,NPA0248,0.050000
6091ac066df3425437b7c927,2,NPA0502,0.050000
6091ac066df3425437b7c927,3,NPA0344,0.050000
6091ac066df3425437b7c927,4,NPA0074,0.050000
6091ac066df3425437b7c927,5,NPA0142,0.050000
6091ac066df3425437b7c927,6,NPA0350,0.050000
6091ac066df3425437b7c927,7,NPA0190,0.050000
6091ac066df3425437b7c927,8,NPA0481,0.050000
6091ac066df3425437b7c927,9,NPA0013,0.050000
6091ac066df3425437b7c927,10,NPA0007,0.050000
609191456df3425437b5faf0,1,NPA0499,0.850000
609191456df3425437b5faf0,2,NPA0538,0.850000
609191456df3425437b5faf0,3,NPA0086,0.750000
609191456df3425437b5faf0,4,NPA0129,0.750000
609191456df3425437b5faf0,5,NPA0481,0.700000
609191456df3425437b5faf0,6,NPA0140,0.700000
609191456df3425437b5faf0,7,NPA0007,0.650000
609191456df3425437b5faf0,8,NPA0005,0.250000
609191456df3425437b5faf0,9,NPA0296,0.200000
609191456df3425437b5faf0,10,NPA0275,0.150000
609392cc6df34254375d68e4,1,NPA0534,0.850000
609392cc6df34254375d68e4,2,NPA0555,0.750000
609392cc6df34254375d68e4,3,NPA0558,0.700000
609392cc6df34254375d68e4,4,NPA0551,0.650000
609392cc6df34254375d68e4,5,NPA0550,0.600000
609392cc6df34254375d68e4,6,NPA0478,0.550000
609392cc6df34254375d68e4,7,NPA0282,0.500000
609392cc6df34254375d68e4,8,NPA0198,0.500000
609392cc6df34254375d68e4,9,NPA0317,0.450000
609392cc6df34254375d68e4,10,NPA0066,0.400000
60936c156df342543776741d,1,NPA0115,-0.000001
60936c156df342543776741d,2,NPA0370,-0.000002
60936c156df342543776741d,3,NPA0208,-0.000003
60936c156df342543776741d,4,NPA0189,-0.000004
60936c156df342543776741d,5,NPA0546,-0.000005
60936c156df342543776741d,6,NPA0273,-0.000006
60936c156df342543776741d,7,NPA0159,-0.000007
60936c156df342543776741d,8,NPA0558,-0.000008
60936c156df342543776741d,9,NPA0093,-0.000009
60936c156df342543776741d,10,NPA0383,-0.000010
609414d06df34254378dc735,1,NPA0429,-0.000001
609414d06df34254378dc735,2,NPA0352,-0.000002
609414d06df34254378dc735,3,NPA0288,-0.000003
609414d06df34254378dc735,4,NPA0400,-0.000004
609414d06df34254378dc735,5,NPA0156,-0.000005
609414d06df34254378dc735,6,NPA0398,-0.000006
609414d06df34254378dc735,7,NPA0172,-0.000007
609414d06df34254378dc735,8,NPA0183,-0.000008
609414d06df34254378dc735,9,NPA0404,-0.000009
609414d06df34254378dc735,10,NPA0275,-0.000010
609158516df34254375bcca7,1,NPA0207,-0.000001
609158516df34254375bcca7,2,NPA0162,-0.000002
609158516df34254375bcca7,3,NPA0005,-0.000003
609158516df34254375bcca7,4,NPA0010,-0.000004
609158516df34254375bcca7,5,NPA0238,-0.000005
609158516df34254375bcca7,6,NPA0205,-0.000006
609158516df34254375bcca7,7,NPA0074,-0.000007
609158516df34254375bcca7,8,NPA0142,-0.000008
609158516df34254375bcca7,9,NPA0222,-0.000009
609158516df34254375bcca7,10,NPA0504,-0.000010
6093e3f36df3425437f25b6d,1,NPA0562,-0.000001
6093e3f36df3425437f25b6d,2,NPA0286,-0.000002
6093e3f36df3425437f25b6d,3,NPA0480,-0.000003
6093e3f36df3425437f25b6d,4,NPA0438,-0.000004
6093e3f36df3425437f25b6d,5,NPA0074,-0.000005
6093e3f36df3425437f25b6d,6,NPA0142,-0.000006
6093e3f36df3425437f25b6d,7,NPA0083,-0.000007
6093e3f36df3425437f25b6d,8,NPA0342,-0.000008
6093e3f36df3425437f25b6d,9,NPA0401,-0.000009
6093e3f36df3425437f25b6d,10,NPA0481,-0.000010
60915fc86df34254378ac1a1,1,NPA0398,-0.000001
60915fc86df34254378ac1a1,2,NPA0400,-0.000002
60915fc86df34254378ac1a1,3,NPA0554,-0.000003
60915fc86df34254378ac1a1,4,NPA0559,-0.000004
60915fc86df34254378ac1a1,5,NPA0345,-0.000005
60915fc86df34254378ac1a1,6,NPA0365,-0.000006
60915fc86df34254378ac1a1,7,NPA0389,-0.000007
60915fc86df34254378ac1a1,8,NPA0011,-0.000008
60915fc86df34254378ac1a1,9,NPA0449,-0.000009
60915fc86df34254378ac1a1,10,NPA0084,-0.000010
609128356df34254379cabf0,1,NPA0562,-0.000001
609128356df34254379cabf0,2,NPA0130,-0.000002
609128356df34254379cabf0,3,NPA0074,-0.000003
609128356df34254379cabf0,4,NPA0142,-0.000004
609128356df34254379cabf0,5,NPA0060,-0.000005
609128356df34254379cabf0,6,NPA0449,-0.000006
609128356df34254379cabf0,7,NPA0356,-0.000007
609128356df34254379cabf0,8,NPA0334,-0.000008
609128356df34254379cabf0,9,NPA0007,-0.000009
609128356df34254379cabf0,10,NPA0083,-0.000010
6093880d6df3425437c373d9,1,NPA0159,-0.000001
6093880d6df3425437c373d9,2,NPA0546,-0.000002
6093880d6df3425437c373d9,3,NPA0457,-0.000003
6093880d6df3425437c373d9,4,NPA0115,-0.000004
6093880d6df3425437c373d9,5,NPA0202,-0.000005
6093880d6df3425437c373d9,6,NPA0311,-0.000006
6093880d6df3425437c373d9,7,NPA0556,-0.000007
6093880d6df3425437c373d9,8,NPA0118,-0.000008
6093880d6df3425437c373d9,9,NPA0172,-0.000009
6093880d6df3425437c373d9,10,NPA0156,-0.000010
6092258e6df3425437fe9d23,1,NPA0546,-0.000001
6092258e6df3425437fe9d23,2,NPA0159,-0.000002
6092258e6df3425437fe9d23,3,NPA0353,-0.000003
6092258e6df3425437fe9d23,4,NPA0383,-0.000004
6092258e6df3425437fe9d23,5,NPA0189,-0.000005
6092258e6df3425437fe9d23,6,NPA0144,-0.000006
6092258e6df3425437fe9d23,7,NPA0224,-0.000007
6092258e6df3425437fe9d23,8,NPA0398,-0.000008
6092258e6df3425437fe9d23,9,NPA0312,-0.000009
6092258e6df3425437fe9d23,10,NPA0131,-0.000010
6091da356df3425437e4432e,1,NPA0099,-0.000001
6091da356df3425437e4432e,2,NPA0284,-0.000002
6091da356df3425437e4432e,3,NPA0359,-0.000003
6091da356df3425437e4432e,4,NPA0396,-0.000004
6091da356df3425437e4432e,5,NPA0248,-0.000005
6091da356df3425437e4432e,6,NPA0480,-0.000006
6091da356df3425437e4432e,7,NPA0326,-0.000007
6091da356df3425437e4432e,8,NPA0142,-0.000008
6091da356df3425437e4432e,9,NPA0152,-0.000009
6091da356df3425437e4432e,10,NPA0074,-0.000010
609128506df34254379dd5fb,1,NPA0546,-0.000001
609128506df34254379dd5fb,2,NPA0550,-0.000002
609128506df34254379dd5fb,3,NPA0555,-0.000003
609128506df34254379dd5fb,4,NPA0278,-0.000004
609128506df34254379dd5fb,5,NPA0355,-0.000005
609128506df34254379dd5fb,6,NPA0115,-0.000006
609128506df34254379dd5fb,7,NPA0490,-0.000007
609128506df34254379dd5fb,8,NPA0469,-0.000008
609128506df34254379dd5fb,9,NPA0131,-0.000009
609128506df34254379dd5fb,10,NPA0232,-0.000010
60937e746df34254373991a3,1,NPA0142,-0.000001
60937e746df34254373991a3,2,NPA0074,-0.000002
60937e746df34254373991a3,3,NPA0481,-0.000003
60937e746df34254373991a3,4,NPA0007,-0.000004
60937e746df34254373991a3,5,NPA0060,-0.000005
60937e746df34254373991a3,6,NPA0356,-0.000006
60937e746df34254373991a3,7,NPA0083,-0.000007
60937e746df34254373991a3,8,NPA0130,-0.000008
60937e746df34254373991a3,9,NPA0399,-0.000009
60937e746df34254373991a3,10,NPA0562,-0.000010
6093ee6b6df342543745fa4f,1,NPA0546,-0.000001
6093ee6b6df342543745fa4f,2,NPA0159,-0.000002
6093ee6b6df342543745fa4f,3,NPA0150,-0.000003
6093ee6b6df342543745fa4f,4,NPA0395,-0.000004
6093ee6b6df342543745fa4f,5,NPA0115,-0.000005
6093ee6b6df342543745fa4f,6,NPA0551,-0.000006
6093ee6b6df342543745fa4f,7,NPA0428,-0.000007
6093ee6b6df342543745fa4f,8,NPA0092,-0.000008
6093ee6b6df342543745fa4f,9,NPA0361,-0.000009
6093ee6b6df342543745fa4f,10,NPA0312,-0.000010
609155016df342543733a082,1,NPA0556,-0.000001
609155016df342543733a082,2,NPA0553,-0.000002
609155016df342543733a082,3,NPA0462,-0.000003
609155016df342543733a082,4,NPA0159,-0.000004
609155016df342543733a082,5,NPA0005,-0.000005
609155016df342543733a082,6,NPA0546,-0.000006
609155016df342543733a082,7,NPA0523,-0.000007
609155016df342543733a082,8,NPA0115,-0.000008
609155016df342543733a082,9,NPA0256,-0.000009
609155016df342543733a082,10,NPA0479,-0.000010
6093196f6df3425437acfd9c,1,NPA0549,-0.000001
6093196f6df3425437acfd9c,2,NPA0074,-0.000002
6093196f6df3425437acfd9c,3,NPA0142,-0.000003
6093196f6df3425437acfd9c,4,NPA0024,-0.000004
6093196f6df3425437acfd9c,5,NPA0005,-0.000005
6093196f6df3425437acfd9c,6,NPA0349,-0.000006
6093196f6df3425437acfd9c,7,NPA0275,-0.000007
6093196f6df3425437acfd9c,8,NPA0065,-0.000008
6093196f6df3425437acfd9c,9,NPA0474,-0.000009
6093196f6df3425437acfd9c,10,NPA0053,-0.000010
609321366df3425437394844,1,NPA0544,-0.000001
609321366df3425437394844,2,NPA0275,-0.000002
609321366df3425437394844,3,NPA0147,-0.000003
609321366df3425437394844,4,NPA0318,-0.000004
609321366df3425437394844,5,NPA0551,-0.000005
609321366df3425437394844,6,NPA0100,-0.000006
609321366df3425437394844,7,NPA0189,-0.000007
609321366df3425437394844,8,NPA0356,-0.000008
609321366df3425437394844,9,NPA0383,-0.000009
609321366df3425437394844,10,NPA0070,-0.000010
609315e26df3425437ce9db2,1,NPA0400,-0.000001
609315e26df3425437ce9db2,2,NPA0297,-0.000002
609315e26df3425437ce9db2,3,NPA0398,-0.000003
609315e26df3425437ce9db2,4,NPA0020,-0.000004
609315e26df3425437ce9db2,5,NPA0183,-0.000005
609315e26df3425437ce9db2,6,NPA0173,-0.000006
609315e26df3425437ce9db2,7,NPA0208,-0.000007
609315e26df3425437ce9db2,8,NPA0172,-0.000008
609315e26df3425437ce9db2,9,NPA0356,-0.000009
609315e26df3425437ce9db2,10,NPA0155,-0.000010
6093324f6df34254372a382c,1,NPA0375,-0.000001
6093324f6df34254372a382c,2,NPA0346,-0.000002
6093324f6df34254372a382c,3,NPA0189,-0.000003
6093324f6df34254372a382c,4,NPA0383,-0.000004
6093324f6df34254372a382c,5,NPA0547,-0.000005
6093324f6df34254372a382c,6,NPA0456,-0.000006
6093324f6df34254372a382c,7,NPA0266,-0.000007
6093324f6df34254372a382c,8,NPA0005,-0.000008
6093324f6df34254372a382c,9,NPA0546,-0.000009
6093324f6df34254372a382c,10,NPA0159,-0.000010
609410416df34254375035df,1,NPA0553,-0.000001
609410416df34254375035df,2,NPA0556,-0.000002
609410416df34254375035df,3,NPA0115,-0.000003
609410416df34254375035df,4,NPA0550,-0.000004
609410416df34254375035df,5,NPA0005,-0.000005
609410416df34254375035df,6,NPA0232,-0.000006
609410416df34254375035df,7,NPA0091,-0.000007
609410416df34254375035df,8,NPA0159,-0.000008
609410416df34254375035df,9,NPA0001,-0.000009
609410416df34254375035df,10,NPA0546,-0.000010
6092363a6df342543776166d,1,NPA0234,-0.000001
6092363a6df342543776166d,2,NPA0030,-0.000002
6092363a6df342543776166d,3,NPA0556,-0.000003
6092363a6df342543776166d,4,NPA0131,-0.000004
6092363a6df342543776166d,5,NPA0332,-0.000005
6092363a6df342543776166d,6,NPA0151,-0.000006
6092363a6df342543776166d,7,NPA0064,-0.000007
6092363a6df342543776166d,8,NPA0101,-0.000008
6092363a6df342543776166d,9,NPA0248,-0.000009
6092363a6df342543776166d,10,NPA0490,-0.000010
60920ca26df34254372cbf48,1,NPA0557,-0.000001
60920ca26df34254372cbf48,2,NPA0375,-0.000002
60920ca26df34254372cbf48,3,NPA0173,-0.000003
60920ca26df34254372cbf48,4,NPA0308,-0.000004
60920ca26df34254372cbf48,5,NPA0454,-0.000005
60920ca26df34254372cbf48,6,NPA0383,-0.000006
60920ca26df34254372cbf48,7,NPA0546,-0.000007
60920ca26df34254372cbf48,8,NPA0457,-0.000008
60920ca26df34254372cbf48,9,NPA0179,-0.000009
60920ca26df34254372cbf48,10,NPA0365,-0.000010
6093059d6df34254373f3c13,1,NPA0429,-0.000001
6093059d6df34254373f3c13,2,NPA0455,-0.000002
6093059d6df34254373f3c13,3,NPA0012,-0.000003
6093059d6df34254373f3c13,4,NPA0231,-0.000004
6093059d6df34254373f3c13,5,NPA0297,-0.000005
6093059d6df34254373f3c13,6,NPA0005,-0.000006
6093059d6df34254373f3c13,7,NPA0560,-0.000007
6093059d6df34254373f3c13,8,NPA0095,-0.000008
6093059d6df34254373f3c13,9,NPA0372,-0.000009
6093059d6df34254373f3c13,10,NPA0010,-0.000010
609388916df3425437cc0673,1,NPA0220,-0.000001
609388916df3425437cc0673,2,NPA0011,-0.000002
609388916df3425437cc0673,3,NPA0400,-0.000003
609388916df3425437cc0673,4,NPA0020,-0.000004
609388916df3425437cc0673,5,NPA0554,-0.000005
609388916df3425437cc0673,6,NPA0189,-0.000006
609388916df3425437cc0673,7,NPA0155,-0.000007
609388916df3425437cc0673,8,NPA0297,-0.000008
609388916df3425437cc0673,9,NPA0170,-0.000009
609388916df3425437cc0673,10,NPA0200,-0.000010
60913da26df342543748ee53,1,NPA0156,-0.000001
60913da26df342543748ee53,2,NPA0304,-0.000002
60913da26df342543748ee53,3,NPA0484,-0.000003
60913da26df342543748ee53,4,NPA0439,-0.000004
60913da26df342543748ee53,5,NPA0502,-0.000005
60913da26df342543748ee53,6,NPA0339,-0.000006
60913da26df342543748ee53,7,NPA0099,-0.000007
60913da26df342543748ee53,8,NPA0248,-0.000008
60913da26df342543748ee53,9,NPA0401,-0.000009
60913da26df342543748ee53,10,NPA0284,-0.000010
6091e22a6df34254374e83f6,1,NPA0065,-0.000001
6091e22a6df34254374e83f6,2,NPA0454,-0.000002
6091e22a6df34254374e83f6,3,NPA0560,-0.000003
6091e22a6df34254374e83f6,4,NPA0491,-0.000004
6091e22a6df34254374e83f6,5,NPA0011,-0.000005
6091e22a6df34254374e83f6,6,NPA0095,-0.000006
6091e22a6df34254374e83f6,7,NPA0054,-0.000007
6091e22a6df34254374e83f6,8,NPA0372,-0.000008
6091e22a6df34254374e83f6,9,NPA0220,-0.000009
6091e22a6df34254374e83f6,10,NPA0206,-0.000010
60940e946df34254373e64f7,1,NPA0159,-0.000001
60940e946df34254373e64f7,2,NPA0546,-0.000002
60940e946df34254373e64f7,3,NPA0185,-0.000003
60940e946df34254373e64f7,4,NPA0189,-0.000004
60940e946df34254373e64f7,5,NPA0375,-0.000005
60940e946df34254373e64f7,6,NPA0383,-0.000006
60940e946df34254373e64f7,7,NPA0153,-0.000007
60940e946df34254373e64f7,8,NPA0199,-0.000008
60940e946df34254373e64f7,9,NPA0299,-0.000009
60940e946df34254373e64f7,10,NPA0485,-0.000010
6093ee6b6df342543745fa53,1,NPA0546,-0.000001
6093ee6b6df342543745fa53,2,NPA0159,-0.000002
6093ee6b6df342543745fa53,3,NPA0189,-0.000003
6093ee6b6df342543745fa53,4,NPA0232,-0.000004
6093ee6b6df342543745fa53,5,NPA0156,-0.000005
6093ee6b6df342543745fa53,6,NPA0383,-0.000006
6093ee6b6df342543745fa53,7,NPA0556,-0.000007
6093ee6b6df342543745fa53,8,NPA0375,-0.000008
6093ee6b6df342543745fa53,9,NPA0115,-0.000009
6093ee6b6df342543745fa53,10,NPA0312,-0.000010
6091ec856df3425437ca8b28,1,NPA0400,-0.000001
6091ec856df3425437ca8b28,2,NPA0142,-0.000002
6091ec856df3425437ca8b28,3,NPA0074,-0.000003
6091ec856df3425437ca8b28,4,NPA0173,-0.000004
6091ec856df3425437ca8b28,5,NPA0481,-0.000005
6091ec856df3425437ca8b28,6,NPA0007,-0.000006
6091ec856df3425437ca8b28,7,NPA0383,-0.000007
6091ec856df3425437ca8b28,8,NPA0189,-0.000008
6091ec856df3425437ca8b28,9,NPA0226,-0.000009
6091ec856df3425437ca8b28,10,NPA0297,-0.000010
6093c0be6df3425437fd5a7c,1,NPA0546,-0.000001
6093c0be6df3425437fd5a7c,2,NPA0159,-0.000002
6093c0be6df3425437fd5a7c,3,NPA0550,-0.000003
6093c0be6df3425437fd5a7c,4,NPA0555,-0.000004
6093c0be6df3425437fd5a7c,5,NPA0317,-0.000005
6093c0be6df3425437fd5a7c,6,NPA0497,-0.000006
6093c0be6df3425437fd5a7c,7,NPA0553,-0.000007
6093c0be6df3425437fd5a7c,8,NPA0353,-0.000008
6093c0be6df3425437fd5a7c,9,NPA0478,-0.000009
6093c0be6df3425437fd5a7c,10,NPA0144,-0.000010
609390036df342543739a2d3,1,NPA0546,-0.000001
609390036df342543739a2d3,2,NPA0159,-0.000002
609390036df342543739a2d3,3,NPA0115,-0.000003
609390036df342543739a2d3,4,NPA0375,-0.000004
609390036df342543739a2d3,5,NPA0272,-0.000005
609390036df342543739a2d3,6,NPA0383,-0.000006
609390036df342543739a2d3,7,NPA0314,-0.000007
609390036df342543739a2d3,8,NPA0005,-0.000008
609390036df342543739a2d3,9,NPA0189,-0.000009
609390036df342543739a2d3,10,NPA0456,-0.000010
6094193b6df3425437e03004,1,NPA0555,-0.000001
6094193b6df3425437e03004,2,NPA0363,-0.000002
6094193b6df3425437e03004,3,NPA0222,-0.000003
6094193b6df3425437e03004,4,NPA0282,-0.000004
6094193b6df3425437e03004,5,NPA0084,-0.000005
6094193b6df3425437e03004,6,NPA0198,-0.000006
6094193b6df3425437e03004,7,NPA0254,-0.000007
6094193b6df3425437e03004,8,NPA0152,-0.000008
6094193b6df3425437e03004,9,NPA0365,-0.000009
6094193b6df3425437e03004,10,NPA0537,-0.000010
609268056df3425437a00486,1,NPA0173,-0.000001
609268056df3425437a00486,2,NPA0557,-0.000002
609268056df3425437a00486,3,NPA0454,-0.000003
609268056df3425437a00486,4,NPA0091,-0.000004
609268056df3425437a00486,5,NPA0365,-0.000005
609268056df3425437a00486,6,NPA0279,-0.000006
609268056df3425437a00486,7,NPA0189,-0.000007
609268056df3425437a00486,8,NPA0103,-0.000008
609268056df3425437a00486,9,NPA0101,-0.000009
609268056df3425437a00486,10,NPA0400,-0.000010
6091dfab6df3425437305761,1,NPA0398,-0.000001
6091dfab6df3425437305761,2,NPA0400,-0.000002
6091dfab6df3425437305761,3,NPA0032,-0.000003
6091dfab6df3425437305761,4,NPA0183,-0.000004
6091dfab6df3425437305761,5,NPA0342,-0.000005
6091dfab6df3425437305761,6,NPA0107,-0.000006
6091dfab6df3425437305761,7,NPA0172,-0.000007
6091dfab6df3425437305761,8,NPA0199,-0.000008
6091dfab6df3425437305761,9,NPA0404,-0.000009
6091dfab6df3425437305761,10,NPA0309,-0.000010
609378556df3425437cd495a,1,NPA0074,-0.000001
609378556df3425437cd495a,2,NPA0142,-0.000002
609378556df3425437cd495a,3,NPA0007,-0.000003
609378556df3425437cd495a,4,NPA0481,-0.000004
609378556df3425437cd495a,5,NPA0399,-0.000005
609378556df3425437cd495a,6,NPA0130,-0.000006
609378556df3425437cd495a,7,NPA0222,-0.000007
609378556df3425437cd495a,8,NPA0431,-0.000008
609378556df3425437cd495a,9,NPA0275,-0.000009
609378556df3425437cd495a,10,NPA0295,-0.000010
6093bf996df3425437f3f01c,1,NPA0074,-0.000001
6093bf996df3425437f3f01c,2,NPA0142,-0.000002
6093bf996df3425437f3f01c,3,NPA0007,-0.000003
6093bf996df3425437f3f01c,4,NPA0481,-0.000004
6093bf996df3425437f3f01c,5,NPA0399,-0.000005
6093bf996df3425437f3f01c,6,NPA0130,-0.000006
6093bf996df3425437f3f01c,7,NPA0431,-0.000007
6093bf996df3425437f3f01c,8,NPA0222,-0.000008
6093bf996df3425437f3f01c,9,NPA0083,-0.000009
6093bf996df3425437f3f01c,10,NPA0275,-0.000010
609359f06df3425437e5254d,1,NPA0304,-0.000001
609359f06df3425437e5254d,2,NPA0241,-0.000002
609359f06df3425437e5254d,3,NPA0401,-0.000003
609359f06df3425437e5254d,4,NPA0156,-0.000004
609359f06df3425437e5254d,5,NPA0424,-0.000005
609359f06df3425437e5254d,6,NPA0005,-0.000006
609359f06df3425437e5254d,7,NPA0115,-0.000007
609359f06df3425437e5254d,8,NPA0397,-0.000008
609359f06df3425437e5254d,9,NPA0146,-0.000009
609359f06df3425437e5254d,10,NPA0159,-0.000010
60932e596df34254374aebaa,1,NPA0556,-0.000001
60932e596df34254374aebaa,2,NPA0553,-0.000002
60932e596df34254374aebaa,3,NPA0115,-0.000003
60932e596df34254374aebaa,4,NPA0005,-0.000004
60932e596df34254374aebaa,5,NPA0254,-0.000005
60932e596df34254374aebaa,6,NPA0537,-0.000006
60932e596df34254374aebaa,7,NPA0355,-0.000007
60932e596df34254374aebaa,8,NPA0093,-0.000008
60932e596df34254374aebaa,9,NPA0273,-0.000009
60932e596df34254374aebaa,10,NPA0091,-0.000010
6093a8586df3425437a07c4b,1,NPA0556,-0.000001
6093a8586df3425437a07c4b,2,NPA0553,-0.000002
6093a8586df3425437a07c4b,3,NPA0115,-0.000003
6093a8586df3425437a07c4b,4,NPA0005,-0.000004
6093a8586df3425437a07c4b,5,NPA0254,-0.000005
6093a8586df3425437a07c4b,6,NPA0355,-0.000006
6093a8586df3425437a07c4b,7,NPA0273,-0.000007
6093a8586df3425437a07c4b,8,NPA0537,-0.000008
6093a8586df3425437a07c4b,9,NPA0546,-0.000009
6093a8586df3425437a07c4b,10,NPA0093,-0.000010
6093b12b6df342543735cdf7,1,NPA0546,-0.000001
6093b12b6df342543735cdf7,2,NPA0159,-0.000002
6093b12b6df342543735cdf7,3,NPA0383,-0.000003
6093b12b6df342543735cdf7,4,NPA0189,-0.000004
6093b12b6df342543735cdf7,5,NPA0457,-0.000005
6093b12b6df342543735cdf7,6,NPA0084,-0.000006
6093b12b6df342543735cdf7,7,NPA0558,-0.000007
6093b12b6df342543735cdf7,8,NPA0302,-0.000008
6093b12b6df342543735cdf7,9,NPA0041,-0.000009
6093b12b6df342543735cdf7,10,NPA0412,-0.000010
6091884e6df34254373e6a51,1,NPA0544,-0.000001
6091884e6df34254373e6a51,2,NPA0551,-0.000002
6091884e6df34254373e6a51,3,NPA0396,-0.000003
6091884e6df34254373e6a51,4,NPA0147,-0.000004
6091884e6df34254373e6a51,5,NPA0275,-0.000005
6091884e6df34254373e6a51,6,NPA0100,-0.000006
6091884e6df34254373e6a51,7,NPA0385,-0.000007
6091884e6df34254373e6a51,8,NPA0318,-0.000008
6091884e6df34254373e6a51,9,NPA0246,-0.000009
6091884e6df34254373e6a51,10,NPA0552,-0.000010
6091c80b6df3425437e2fd5b,1,NPA0545,-0.000001
6091c80b6df3425437e2fd5b,2,NPA0159,-0.000002
6091c80b6df3425437e2fd5b,3,NPA0312,-0.000003
6091c80b6df3425437e2fd5b,4,NPA0546,-0.000004
6091c80b6df3425437e2fd5b,5,NPA0375,-0.000005
6091c80b6df3425437e2fd5b,6,NPA0443,-0.000006
6091c80b6df3425437e2fd5b,7,NPA0189,-0.000007
6091c80b6df3425437e2fd5b,8,NPA0383,-0.000008
6091c80b6df3425437e2fd5b,9,NPA0322,-0.000009
6091c80b6df3425437e2fd5b,10,NPA0093,-0.000010
609386c76df3425437aef5f4,1,NPA0115,-0.000001
609386c76df3425437aef5f4,2,NPA0266,-0.000002
609386c76df3425437aef5f4,3,NPA0546,-0.000003
609386c76df3425437aef5f4,4,NPA0159,-0.000004
609386c76df3425437aef5f4,5,NPA0308,-0.000005
609386c76df3425437aef5f4,6,NPA0551,-0.000006
609386c76df3425437aef5f4,7,NPA0353,-0.000007
609386c76df3425437aef5f4,8,NPA0438,-0.000008
609386c76df3425437aef5f4,9,NPA0273,-0.000009
609386c76df3425437aef5f4,10,NPA0093,-0.000010
609239c06df34254378cc895,1,NPA0551,-0.000001
609239c06df34254378cc895,2,NPA0243,-0.000002
609239c06df34254378cc895,3,NPA0147,-0.000003
609239c06df34254378cc895,4,NPA0544,-0.000004
609239c06df34254378cc895,5,NPA0396,-0.000005
609239c06df34254378cc895,6,NPA0181,-0.000006
609239c06df34254378cc895,7,NPA0356,-0.000007
609239c06df34254378cc895,8,NPA0182,-0.000008
609239c06df34254378cc895,9,NPA0383,-0.000009
609239c06df34254378cc895,10,NPA0315,-0.000010
609228646df3425437120af2,1,NPA0562,-0.000001
609228646df3425437120af2,2,NPA0130,-0.000002
609228646df3425437120af2,3,NPA0142,-0.000003
609228646df3425437120af2,4,NPA0074,-0.000004
609228646df3425437120af2,5,NPA0083,-0.000005
609228646df3425437120af2,6,NPA0401,-0.000006
609228646df3425437120af2,7,NPA0297,-0.000007
609228646df3425437120af2,8,NPA0226,-0.000008
609228646df3425437120af2,9,NPA0286,-0.000009
609228646df3425437120af2,10,NPA0334,-0.000010
60956a1e6df342543742890c,1,NPA0429,-0.000001
60956a1e6df342543742890c,2,NPA0352,-0.000002
60956a1e6df342543742890c,3,NPA0207,-0.000003
60956a1e6df342543742890c,4,NPA0297,-0.000004
60956a1e6df342543742890c,5,NPA0416,-0.000005
60956a1e6df342543742890c,6,NPA0185,-0.000006
60956a1e6df342543742890c,7,NPA0183,-0.000007
60956a1e6df342543742890c,8,NPA0013,-0.000008
60956a1e6df342543742890c,9,NPA0401,-0.000009
60956a1e6df342543742890c,10,NPA0400,-0.000010
6092194d6df3425437a5b36e,1,NPA0549,-0.000001
6092194d6df3425437a5b36e,2,NPA0474,-0.000002
6092194d6df3425437a5b36e,3,NPA0205,-0.000003
6092194d6df3425437a5b36e,4,NPA0005,-0.000004
6092194d6df3425437a5b36e,5,NPA0162,-0.000005
6092194d6df3425437a5b36e,6,NPA0425,-0.000006
6092194d6df3425437a5b36e,7,NPA0054,-0.000007
6092194d6df3425437a5b36e,8,NPA0459,-0.000008
6092194d6df3425437a5b36e,9,NPA0209,-0.000009
6092194d6df3425437a5b36e,10,NPA0222,-0.000010
609203d36df3425437c84375,1,NPA0156,-0.000001
609203d36df3425437c84375,2,NPA0424,-0.000002
609203d36df3425437c84375,3,NPA0113,-0.000003
609203d36df3425437c84375,4,NPA0332,-0.000004
609203d36df3425437c84375,5,NPA0160,-0.000005
609203d36df3425437c84375,6,NPA0162,-0.000006
609203d36df3425437c84375,7,NPA0131,-0.000007
609203d36df3425437c84375,8,NPA0191,-0.000008
609203d36df3425437c84375,9,NPA0304,-0.000009
609203d36df3425437c84375,10,NPA0219,-0.000010
609345de6df34254374d5b5b,1,NPA0156,-0.000001
609345de6df34254374d5b5b,2,NPA0107,-0.000002
609345de6df34254374d5b5b,3,NPA0304,-0.000003
609345de6df34254374d5b5b,4,NPA0401,-0.000004
609345de6df34254374d5b5b,5,NPA0241,-0.000005
609345de6df34254374d5b5b,6,NPA0502,-0.000006
609345de6df34254374d5b5b,7,NPA0248,-0.000007
609345de6df34254374d5b5b,8,NPA0339,-0.000008
609345de6df34254374d5b5b,9,NPA0119,-0.000009
609345de6df34254374d5b5b,10,NPA0344,-0.000010
6094000d6df3425437eb2f07,1,NPA0156,-0.000001
6094000d6df3425437eb2f07,2,NPA0172,-0.000002
6094000d6df3425437eb2f07,3,NPA0437,-0.000003
6094000d6df3425437eb2f07,4,NPA0253,-0.000004
6094000d6df3425437eb2f07,5,NPA0532,-0.000005
6094000d6df3425437eb2f07,6,NPA0254,-0.000006
6094000d6df3425437eb2f07,7,NPA0115,-0.000007
6094000d6df3425437eb2f07,8,NPA0537,-0.000008
6094000d6df3425437eb2f07,9,NPA0484,-0.000009
6094000d6df3425437eb2f07,10,NPA0159,-0.000010
60916cf36df3425437e8e9a9,1,NPA0313,-0.000001
60916cf36df3425437e8e9a9,2,NPA0047,-0.000002
60916cf36df3425437e8e9a9,3,NPA0005,-0.000003
60916cf36df3425437e8e9a9,4,NPA0397,-0.000004
60916cf36df3425437e8e9a9,5,NPA0311,-0.000005
60916cf36df3425437e8e9a9,6,NPA0001,-0.000006
60916cf36df3425437e8e9a9,7,NPA0115,-0.000007
60916cf36df3425437e8e9a9,8,NPA0382,-0.000008
60916cf36df3425437e8e9a9,9,NPA0159,-0.000009
60916cf36df3425437e8e9a9,10,NPA0546,-0.000010
6091483f6df3425437beb8b6,1,NPA0156,-0.000001
6091483f6df3425437beb8b6,2,NPA0304,-0.000002
6091483f6df3425437beb8b6,3,NPA0241,-0.000003
6091483f6df3425437beb8b6,4,NPA0107,-0.000004
6091483f6df3425437beb8b6,5,NPA0339,-0.000005
6091483f6df3425437beb8b6,6,NPA0378,-0.000006
6091483f6df3425437beb8b6,7,NPA0131,-0.000007
6091483f6df3425437beb8b6,8,NPA0115,-0.000008
6091483f6df3425437beb8b6,9,NPA0006,-0.000009
6091483f6df3425437beb8b6,10,NPA0248,-0.000010
60917f256df3425437b9a81a,1,NPA0562,-0.000001
60917f256df3425437b9a81a,2,NPA0130,-0.000002
60917f256df3425437b9a81a,3,NPA0074,-0.000003
60917f256df3425437b9a81a,4,NPA0142,-0.000004
60917f256df3425437b9a81a,5,NPA0083,-0.000005
60917f256df3425437b9a81a,6,NPA0060,-0.000006
60917f256df3425437b9a81a,7,NPA0275,-0.000007
60917f256df3425437b9a81a,8,NPA0100,-0.000008
60917f256df3425437b9a81a,9,NPA0481,-0.000009
60917f256df3425437b9a81a,10,NPA0007,-0.000010
609144b76df34254379b38c0,1,NPA0304,-0.000001
609144b76df34254379b38c0,2,NPA0156,-0.000002
609144b76df34254379b38c0,3,NPA0241,-0.000003
609144b76df34254379b38c0,4,NPA0401,-0.000004
609144b76df34254379b38c0,5,NPA0339,-0.000005
609144b76df34254379b38c0,6,NPA0107,-0.000006
609144b76df34254379b38c0,7,NPA0115,-0.000007
609144b76df34254379b38c0,8,NPA0424,-0.000008
609144b76df34254379b38c0,9,NPA0131,-0.000009
609144b76df34254379b38c0,10,NPA0034,-0.000010
60919cea6df34254372cdd60,1,NPA0400,-0.000001
60919cea6df34254372cdd60,2,NPA0183,-0.000002
60919cea6df34254372cdd60,3,NPA0214,-0.000003
60919cea6df34254372cdd60,4,NPA0172,-0.000004
60919cea6df34254372cdd60,5,NPA0156,-0.000005
60919cea6df34254372cdd60,6,NPA0253,-0.000006
60919cea6df34254372cdd60,7,NPA0173,-0.000007
60919cea6df34254372cdd60,8,NPA0356,-0.000008
60919cea6df34254372cdd60,9,NPA0484,-0.000009
60919cea6df34254372cdd60,10,NPA0483,-0.000010
6091c6b66df3425437d30739,1,NPA0190,-0.000001
6091c6b66df3425437d30739,2,NPA0400,-0.000002
6091c6b66df3425437d30739,3,NPA0502,-0.000003
6091c6b66df3425437d30739,4,NPA0131,-0.000004
6091c6b66df3425437d30739,5,NPA0013,-0.000005
6091c6b66df3425437d30739,6,NPA0297,-0.000006
6091c6b66df3425437d30739,7,NPA0248,-0.000007
6091c6b66df3425437d30739,8,NPA0096,-0.000008
6091c6b66df3425437d30739,9,NPA0172,-0.000009
6091c6b66df3425437d30739,10,NPA0276,-0.000010
6091f5e16df34254373e94b1,1,NPA0254,-0.000001
6091f5e16df34254373e94b1,2,NPA0537,-0.000002
6091f5e16df34254373e94b1,3,NPA0118,-0.000003
6091f5e16df34254373e94b1,4,NPA0041,-0.000004
6091f5e16df34254373e94b1,5,NPA0428,-0.000005
6091f5e16df34254373e94b1,6,NPA0457,-0.000006
6091f5e16df34254373e94b1,7,NPA0150,-0.000007
6091f5e16df34254373e94b1,8,NPA0308,-0.000008
6091f5e16df34254373e94b1,9,NPA0551,-0.000009
6091f5e16df34254373e94b1,10,NPA0365,-0.000010
6093e2a76df3425437ea3140,1,NPA0296,-0.000001
6093e2a76df3425437ea3140,2,NPA0222,-0.000002
6093e2a76df3425437ea3140,3,NPA0147,-0.000003
6093e2a76df3425437ea3140,4,NPA0074,-0.000004
6093e2a76df3425437ea3140,5,NPA0142,-0.000005
6093e2a76df3425437ea3140,6,NPA0551,-0.000006
6093e2a76df3425437ea3140,7,NPA0481,-0.000007
6093e2a76df3425437ea3140,8,NPA0495,-0.000008
6093e2a76df3425437ea3140,9,NPA0007,-0.000009
6093e2a76df3425437ea3140,10,NPA0060,-0.000010
609360136df3425437c81478,1,NPA0551,-0.000001
609360136df3425437c81478,2,NPA0489,-0.000002
609360136df3425437c81478,3,NPA0430,-0.000003
609360136df3425437c81478,4,NPA0052,-0.000004
609360136df3425437c81478,5,NPA0195,-0.000005
609360136df3425437c81478,6,NPA0318,-0.000006
609360136df3425437c81478,7,NPA0403,-0.000007
609360136df3425437c81478,8,NPA0050,-0.000008
609360136df3425437c81478,9,NPA0275,-0.000009
609360136df3425437c81478,10,NPA0097,-0.000010
6091f19a6df342543710c3b3,1,NPA0220,-0.000001
6091f19a6df342543710c3b3,2,NPA0189,-0.000002
6091f19a6df342543710c3b3,3,NPA0297,-0.000003
6091f19a6df342543710c3b3,4,NPA0383,-0.000004
6091f19a6df342543710c3b3,5,NPA0429,-0.000005
6091f19a6df342543710c3b3,6,NPA0398,-0.000006
6091f19a6df342543710c3b3,7,NPA0342,-0.000007
6091f19a6df342543710c3b3,8,NPA0173,-0.000008
6091f19a6df342543710c3b3,9,NPA0350,-0.000009
6091f19a6df342543710c3b3,10,NPA0554,-0.000010
6091d0676df342543756445c,1,NPA0152,-0.000001
6091d0676df342543756445c,2,NPA0400,-0.000002
6091d0676df342543756445c,3,NPA0365,-0.000003
6091d0676df342543756445c,4,NPA0502,-0.000004
6091d0676df342543756445c,5,NPA0420,-0.000005
6091d0676df342543756445c,6,NPA0131,-0.000006
6091d0676df342543756445c,7,NPA0435,-0.000007
6091d0676df342543756445c,8,NPA0297,-0.000008
6091d0676df342543756445c,9,NPA0357,-0.000009
6091d0676df342543756445c,10,NPA0077,-0.000010
60932c906df3425437e3c4b6,1,NPA0370,-0.000001
60932c906df3425437e3c4b6,2,NPA0406,-0.000002
60932c906df3425437e3c4b6,3,NPA0235,-0.000003
60932c906df3425437e3c4b6,4,NPA0197,-0.000004
60932c906df3425437e3c4b6,5,NPA0193,-0.000005
60932c906df3425437e3c4b6,6,NPA0189,-0.000006
60932c906df3425437e3c4b6,7,NPA0244,-0.000007
60932c906df3425437e3c4b6,8,NPA0115,-0.000008
60932c906df3425437e3c4b6,9,NPA0380,-0.000009
60932c906df3425437e3c4b6,10,NPA0246,-0.000010
6093f8ca6df3425437adc940,1,NPA0109,-0.000001
6093f8ca6df3425437adc940,2,NPA0129,-0.000002
6093f8ca6df3425437adc940,3,NPA0140,-0.000003
6093f8ca6df3425437adc940,4,NPA0528,-0.000004
6093f8ca6df3425437adc940,5,NPA0231,-0.000005
6093f8ca6df3425437adc940,6,NPA0207,-0.000006
6093f8ca6df3425437adc940,7,NPA0296,-0.000007
6093f8ca6df3425437adc940,8,NPA0189,-0.000008
6093f8ca6df3425437adc940,9,NPA0012,-0.000009
6093f8ca6df3425437adc940,10,NPA0521,-0.000010
609147656df3425437b73130,1,NPA0173,-0.000001
609147656df3425437b73130,2,NPA0557,-0.000002
609147656df3425437b73130,3,NPA0454,-0.000003
609147656df3425437b73130,4,NPA0091,-0.000004
609147656df3425437b73130,5,NPA0365,-0.000005
609147656df3425437b73130,6,NPA0279,-0.000006
609147656df3425437b73130,7,NPA0189,-0.000007
609147656df3425437b73130,8,NPA0103,-0.000008
609147656df3425437b73130,9,NPA0101,-0.000009
609147656df3425437b73130,10,NPA0400,-0.000010
6095929d6df3425437d0581b,1,NPA0254,-0.000001
6095929d6df3425437d0581b,2,NPA0537,-0.000002
6095929d6df3425437d0581b,3,NPA0164,-0.000003
6095929d6df3425437d0581b,4,NPA0413,-0.000004
6095929d6df3425437d0581b,5,NPA0152,-0.000005
6095929d6df3425437d0581b,6,NPA0504,-0.000006
6095929d6df3425437d0581b,7,NPA0365,-0.000007
6095929d6df3425437d0581b,8,NPA0275,-0.000008
6095929d6df3425437d0581b,9,NPA0318,-0.000009
6095929d6df3425437d0581b,10,NPA0143,-0.000010
60938fed6df3425437388de7,1,NPA0546,-0.000001
60938fed6df3425437388de7,2,NPA0550,-0.000002
60938fed6df3425437388de7,3,NPA0317,-0.000003
60938fed6df3425437388de7,4,NPA0555,-0.000004
60938fed6df3425437388de7,5,NPA0460,-0.000005
60938fed6df3425437388de7,6,NPA0307,-0.000006
60938fed6df3425437388de7,7,NPA0351,-0.000007
60938fed6df3425437388de7,8,NPA0366,-0.000008
60938fed6df3425437388de7,9,NPA0270,-0.000009
60938fed6df3425437388de7,10,NPA0412,-0.000010
6093c91b6df342543740e97b,1,NPA0552,-0.000001
6093c91b6df342543740e97b,2,NPA0164,-0.000002
6093c91b6df342543740e97b,3,NPA0483,-0.000003
6093c91b6df342543740e97b,4,NPA0437,-0.000004
6093c91b6df342543740e97b,5,NPA0521,-0.000005
6093c91b6df342543740e97b,6,NPA0502,-0.000006
6093c91b6df342543740e97b,7,NPA0096,-0.000007
6093c91b6df342543740e97b,8,NPA0439,-0.000008
6093c91b6df342543740e97b,9,NPA0361,-0.000009
6093c91b6df342543740e97b,10,NPA0275,-0.000010
6091d1946df3425437698384,1,NPA0243,-0.000001
6091d1946df3425437698384,2,NPA0147,-0.000002
6091d1946df3425437698384,3,NPA0423,-0.000003
6091d1946df3425437698384,4,NPA0114,-0.000004
6091d1946df3425437698384,5,NPA0551,-0.000005
6091d1946df3425437698384,6,NPA0181,-0.000006
6091d1946df3425437698384,7,NPA0396,-0.000007
6091d1946df3425437698384,8,NPA0356,-0.000008
6091d1946df3425437698384,9,NPA0504,-0.000009
6091d1946df3425437698384,10,NPA0383,-0.000010
609204a06df3425437d2713b,1,NPA0429,-0.000001
609204a06df3425437d2713b,2,NPA0297,-0.000002
609204a06df3425437d2713b,3,NPA0129,-0.000003
609204a06df3425437d2713b,4,NPA0110,-0.000004
609204a06df3425437d2713b,5,NPA0140,-0.000005
609204a06df3425437d2713b,6,NPA0183,-0.000006
609204a06df3425437d2713b,7,NPA0352,-0.000007
609204a06df3425437d2713b,8,NPA0404,-0.000008
609204a06df3425437d2713b,9,NPA0400,-0.000009
609204a06df3425437d2713b,10,NPA0209,-0.000010
6093c0be6df3425437fd5a58,1,NPA0513,-0.000001
6093c0be6df3425437fd5a58,2,NPA0164,-0.000002
6093c0be6df3425437fd5a58,3,NPA0349,-0.000003
6093c0be6df3425437fd5a58,4,NPA0293,-0.000004
6093c0be6df3425437fd5a58,5,NPA0281,-0.000005
6093c0be6df3425437fd5a58,6,NPA0561,-0.000006
6093c0be6df3425437fd5a58,7,NPA0202,-0.000007
6093c0be6df3425437fd5a58,8,NPA0378,-0.000008
6093c0be6df3425437fd5a58,9,NPA0543,-0.000009
6093c0be6df3425437fd5a58,10,NPA0148,-0.000010
609239c06df34254378cc897,1,NPA0551,-0.000001
609239c06df34254378cc897,2,NPA0015,-0.000002
609239c06df34254378cc897,3,NPA0544,-0.000003
609239c06df34254378cc897,4,NPA0189,-0.000004
609239c06df34254378cc897,5,NPA0383,-0.000005
609239c06df34254378cc897,6,NPA0396,-0.000006
609239c06df34254378cc897,7,NPA0147,-0.000007
609239c06df34254378cc897,8,NPA0243,-0.000008
609239c06df34254378cc897,9,NPA0152,-0.000009
609239c06df34254378cc897,10,NPA0365,-0.000010
60933e5f6df3425437ce2dff,1,NPA0359,-0.000001
60933e5f6df3425437ce2dff,2,NPA0284,-0.000002
60933e5f6df3425437ce2dff,3,NPA0173,-0.000003
60933e5f6df3425437ce2dff,4,NPA0396,-0.000004
60933e5f6df3425437ce2dff,5,NPA0508,-0.000005
60933e5f6df3425437ce2dff,6,NPA0074,-0.000006
60933e5f6df3425437ce2dff,7,NPA0189,-0.000007
60933e5f6df3425437ce2dff,8,NPA0142,-0.000008
60933e5f6df3425437ce2dff,9,NPA0383,-0.000009
60933e5f6df3425437ce2dff,10,NPA0398,-0.000010
60921e2c6df3425437c69942,1,NPA0320,-0.000001
60921e2c6df3425437c69942,2,NPA0283,-0.000002
60921e2c6df3425437c69942,3,NPA0159,-0.000003
60921e2c6df3425437c69942,4,NPA0546,-0.000004
60921e2c6df3425437c69942,5,NPA0515,-0.000005
60921e2c6df3425437c69942,6,NPA0144,-0.000006
60921e2c6df3425437c69942,7,NPA0312,-0.000007
60921e2c6df3425437c69942,8,NPA0290,-0.000008
60921e2c6df3425437c69942,9,NPA0311,-0.000009
60921e2c6df3425437c69942,10,NPA0471,-0.000010
60917ee36df3425437b4b8fd,1,NPA0288,-0.000001
60917ee36df3425437b4b8fd,2,NPA0429,-0.000002
60917ee36df3425437b4b8fd,3,NPA0185,-0.000003
60917ee36df3425437b4b8fd,4,NPA0311,-0.000004
60917ee36df3425437b4b8fd,5,NPA0183,-0.000005
60917ee36df3425437b4b8fd,6,NPA0115,-0.000006
60917ee36df3425437b4b8fd,7,NPA0199,-0.000007
60917ee36df3425437b4b8fd,8,NPA0172,-0.000008
60917ee36df3425437b4b8fd,9,NPA0005,-0.000009
60917ee36df3425437b4b8fd,10,NPA0546,-0.000010
6093883e6df3425437c6ee81,1,NPA0202,-0.000001
6093883e6df3425437c6ee81,2,NPA0083,-0.000002
6093883e6df3425437c6ee81,3,NPA0534,-0.000003
6093883e6df3425437c6ee81,4,NPA0383,-0.000004
6093883e6df3425437c6ee81,5,NPA0358,-0.000005
6093883e6df3425437c6ee81,6,NPA0115,-0.000006
6093883e6df3425437c6ee81,7,NPA0011,-0.000007
6093883e6df3425437c6ee81,8,NPA0444,-0.000008
6093883e6df3425437c6ee81,9,NPA0420,-0.000009
6093883e6df3425437c6ee81,10,NPA0183,-0.000010
6092401a6df3425437bd8798,1,NPA0107,-0.000001
6092401a6df3425437bd8798,2,NPA0013,-0.000002
6092401a6df3425437bd8798,3,NPA0074,-0.000003
6092401a6df3425437bd8798,4,NPA0142,-0.000004
6092401a6df3425437bd8798,5,NPA0083,-0.000005
6092401a6df3425437bd8798,6,NPA0400,-0.000006
6092401a6df3425437bd8798,7,NPA0502,-0.000007
6092401a6df3425437bd8798,8,NPA0481,-0.000008
6092401a6df3425437bd8798,9,NPA0007,-0.000009
6092401a6df3425437bd8798,10,NPA0156,-0.000010
609413cf6df34254377de112,1,NPA0275,-0.000001
609413cf6df34254377de112,2,NPA0318,-0.000002
609413cf6df34254377de112,3,NPA0173,-0.000003
609413cf6df34254377de112,4,NPA0083,-0.000004
609413cf6df34254377de112,5,NPA0100,-0.000005
609413cf6df34254377de112,6,NPA0190,-0.000006
609413cf6df34254377de112,7,NPA0158,-0.000007
609413cf6df34254377de112,8,NPA0400,-0.000008
609413cf6df34254377de112,9,NPA0356,-0.000009
609413cf6df34254377de112,10,NPA0141,-0.000010
609394bf6df3425437769fd8,1,NPA0103,-0.000001
609394bf6df3425437769fd8,2,NPA0552,-0.000002
609394bf6df3425437769fd8,3,NPA0483,-0.000003
609394bf6df3425437769fd8,4,NPA0521,-0.000004
609394bf6df3425437769fd8,5,NPA0489,-0.000005
609394bf6df3425437769fd8,6,NPA0502,-0.000006
609394bf6df3425437769fd8,7,NPA0195,-0.000007
609394bf6df3425437769fd8,8,NPA0403,-0.000008
609394bf6df3425437769fd8,9,NPA0476,-0.000009
609394bf6df3425437769fd8,10,NPA0248,-0.000010
6091ce396df3425437384d7c,1,NPA0283,-0.000001
6091ce396df3425437384d7c,2,NPA0320,-0.000002
6091ce396df3425437384d7c,3,NPA0471,-0.000003
6091ce396df3425437384d7c,4,NPA0115,-0.000004
6091ce396df3425437384d7c,5,NPA0515,-0.000005
6091ce396df3425437384d7c,6,NPA0273,-0.000006
6091ce396df3425437384d7c,7,NPA0093,-0.000007
6091ce396df3425437384d7c,8,NPA0556,-0.000008
6091ce396df3425437384d7c,9,NPA0547,-0.000009
6091ce396df3425437384d7c,10,NPA0156,-0.000010
60938d826df342543712a2e6,1,NPA0183,-0.000001
60938d826df342543712a2e6,2,NPA0400,-0.000002
60938d826df342543712a2e6,3,NPA0214,-0.000003
60938d826df342543712a2e6,4,NPA0309,-0.000004
60938d826df342543712a2e6,5,NPA0398,-0.000005
60938d826df342543712a2e6,6,NPA0220,-0.000006
60938d826df342543712a2e6,7,NPA0429,-0.000007
60938d826df342543712a2e6,8,NPA0172,-0.000008
60938d826df342543712a2e6,9,NPA0297,-0.000009
60938d826df342543712a2e6,10,NPA0489,-0.000010
609381546df34254375734da,1,NPA0544,-0.000001
609381546df34254375734da,2,NPA0551,-0.000002
609381546df34254375734da,3,NPA0147,-0.000003
609381546df34254375734da,4,NPA0318,-0.000004
609381546df34254375734da,5,NPA0396,-0.000005
609381546df34254375734da,6,NPA0275,-0.000006
609381546df34254375734da,7,NPA0383,-0.000007
609381546df34254375734da,8,NPA0356,-0.000008
609381546df34254375734da,9,NPA0100,-0.000009
609381546df34254375734da,10,NPA0243,-0.000010
609235ba6df342543772c126,1,NPA0546,-0.000001
609235ba6df342543772c126,2,NPA0159,-0.000002
609235ba6df342543772c126,3,NPA0545,-0.000003
609235ba6df342543772c126,4,NPA0221,-0.000004
609235ba6df342543772c126,5,NPA0548,-0.000005
609235ba6df342543772c126,6,NPA0322,-0.000006
609235ba6df342543772c126,7,NPA0144,-0.000007
609235ba6df342543772c126,8,NPA0098,-0.000008
609235ba6df342543772c126,9,NPA0116,-0.000009
609235ba6df342543772c126,10,NPA0189,-0.000010
6093019a6df3425437562d36,1,NPA0417,-0.000001
6093019a6df3425437562d36,2,NPA0546,-0.000002
6093019a6df3425437562d36,3,NPA0159,-0.000003
6093019a6df3425437562d36,4,NPA0003,-0.000004
6093019a6df3425437562d36,5,NPA0005,-0.000005
6093019a6df3425437562d36,6,NPA0115,-0.000006
6093019a6df3425437562d36,7,NPA0396,-0.000007
6093019a6df3425437562d36,8,NPA0215,-0.000008
6093019a6df3425437562d36,9,NPA0172,-0.000009
6093019a6df3425437562d36,10,NPA0512,-0.000010
609124fd6df34254377f9f68,1,NPA0562,-0.000001
609124fd6df34254377f9f68,2,NPA0074,-0.000002
609124fd6df34254377f9f68,3,NPA0142,-0.000003
609124fd6df34254377f9f68,4,NPA0083,-0.000004
609124fd6df34254377f9f68,5,NPA0334,-0.000005
609124fd6df34254377f9f68,6,NPA0130,-0.000006
609124fd6df34254377f9f68,7,NPA0401,-0.000007
609124fd6df34254377f9f68,8,NPA0226,-0.000008
609124fd6df34254377f9f68,9,NPA0222,-0.000009
609124fd6df34254377f9f68,10,NPA0481,-0.000010
60917f0a6df3425437b7aacf,1,NPA0173,-0.000001
60917f0a6df3425437b7aacf,2,NPA0454,-0.000002
60917f0a6df3425437b7aacf,3,NPA0103,-0.000003
60917f0a6df3425437b7aacf,4,NPA0130,-0.000004
60917f0a6df3425437b7aacf,5,NPA0195,-0.000005
60917f0a6df3425437b7aacf,6,NPA0403,-0.000006
60917f0a6df3425437b7aacf,7,NPA0430,-0.000007
60917f0a6df3425437b7aacf,8,NPA0050,-0.000008
60917f0a6df3425437b7aacf,9,NPA0052,-0.000009
60917f0a6df3425437b7aacf,10,NPA0432,-0.000010
6091f9a16df34254375fcc46,1,NPA0559,-0.000001
6091f9a16df34254375fcc46,2,NPA0418,-0.000002
6091f9a16df34254375fcc46,3,NPA0054,-0.000003
6091f9a16df34254375fcc46,4,NPA0378,-0.000004
6091f9a16df34254375fcc46,5,NPA0561,-0.000005
6091f9a16df34254375fcc46,6,NPA0190,-0.000006
6091f9a16df34254375fcc46,7,NPA0552,-0.000007
6091f9a16df34254375fcc46,8,NPA0110,-0.000008
6091f9a16df34254375fcc46,9,NPA0513,-0.000009
6091f9a16df34254375fcc46,10,NPA0460,-0.000010
6091cab66df342543706f0c3,1,NPA0546,-0.000001
6091cab66df342543706f0c3,2,NPA0159,-0.000002
6091cab66df342543706f0c3,3,NPA0144,-0.000003
6091cab66df342543706f0c3,4,NPA0312,-0.000004
6091cab66df342543706f0c3,5,NPA0310,-0.000005
6091cab66df342543706f0c3,6,NPA0548,-0.000006
6091cab66df342543706f0c3,7,NPA0179,-0.000007
6091cab66df342543706f0c3,8,NPA0024,-0.000008
6091cab66df342543706f0c3,9,NPA0311,-0.000009
6091cab66df342543706f0c3,10,NPA0353,-0.000010
609305e26df342543752a37a,1,NPA0156,-0.000001
609305e26df342543752a37a,2,NPA0107,-0.000002
609305e26df342543752a37a,3,NPA0401,-0.000003
609305e26df342543752a37a,4,NPA0304,-0.000004
609305e26df342543752a37a,5,NPA0119,-0.000005
609305e26df342543752a37a,6,NPA0241,-0.000006
609305e26df342543752a37a,7,NPA0212,-0.000007
609305e26df342543752a37a,8,NPA0339,-0.000008
609305e26df342543752a37a,9,NPA0383,-0.000009
609305e26df342543752a37a,10,NPA0189,-0.000010
60915fc86df34254378ac162,1,NPA0398,-0.000001
60915fc86df34254378ac162,2,NPA0400,-0.000002
60915fc86df34254378ac162,3,NPA0554,-0.000003
60915fc86df34254378ac162,4,NPA0365,-0.000004
60915fc86df34254378ac162,5,NPA0389,-0.000005
60915fc86df34254378ac162,6,NPA0011,-0.000006
60915fc86df34254378ac162,7,NPA0074,-0.000007
60915fc86df34254378ac162,8,NPA0173,-0.000008
60915fc86df34254378ac162,9,NPA0142,-0.000009
60915fc86df34254378ac162,10,NPA0345,-0.000010
609149ca6df3425437caad47,1,NPA0241,-0.000001
609149ca6df3425437caad47,2,NPA0304,-0.000002
609149ca6df3425437caad47,3,NPA0156,-0.000003
609149ca6df3425437caad47,4,NPA0424,-0.000004
609149ca6df3425437caad47,5,NPA0439,-0.000005
609149ca6df3425437caad47,6,NPA0484,-0.000006
609149ca6df3425437caad47,7,NPA0119,-0.000007
609149ca6df3425437caad47,8,NPA0284,-0.000008
609149ca6df3425437caad47,9,NPA0359,-0.000009
609149ca6df3425437caad47,10,NPA0396,-0.000010
