declaration_id,anchor_s,retrieval_s,llm_s,total_s,used_llm,skip_reason,would_skip,signals_agree,dense_gap,bm25_ratio,tnved_exact,top1_agree,top3_overlap
6091ab306df3425437ab3113,0.0473,0.0326,8.5948,8.6747,1,,,1,0.003893,1.5752,0,1,1
609190fc6df3425437aef1af,0.0722,0.0177,8.2682,8.3580,1,,,0,0.002551,1.0074,0,0,1
60926ff56df3425437dac7c5,0.0411,0.0245,8.2863,8.3519,1,,,0,0.000268,1.0180,0,0,2
60941fc06df34254375e2f72,0.0364,0.0154,8.4726,8.5245,1,,,0,0.000944,1.1185,0,0,2
60933b696df34254372e4337,0.0222,0.0150,9.3177,9.3549,1,,,0,0.000256,1.4584,0,1,2
6093479e6df34254379fbc0b,0.0540,0.0180,9.9846,10.0566,1,,,1,0.000713,1.1926,1,0,2
609178846df34254377c2837,0.0135,0.0146,9.4794,9.5075,1,,,1,0.006753,2.1843,0,0,0
609187056df34254372c69f2,0.0343,0.0156,10.1815,10.2314,1,,,0,0.006923,1.0898,0,1,1
609252c66df342543723e641,0.0652,0.0257,11.4302,11.5212,1,,,0,0.006766,1.0911,0,0,0
6091c6086df3425437c97515,0.0258,0.0259,11.1655,11.2172,1,,,0,0.000234,1.0499,0,1,3
60932cb16df3425437e6728f,0.0355,0.0154,11.7418,11.7927,1,,,0,0.004065,1.0146,0,0,1
6092040b6df3425437caa69f,0.0273,0.0161,10.8826,10.9260,1,,,0,0.001240,3.0806,0,0,2
6093003b6df3425437ffffdc,0.0295,0.0160,10.7099,10.7553,1,,,0,0.019101,1.0000,0,0,2
609162026df34254379ab8ad,0.0437,0.0171,10.4475,10.5084,1,,,0,0.000152,1.0316,0,0,1
609320176df342543709102b,0.0645,0.0191,10.9786,11.0622,1,,,0,0.004590,1.0844,0,0,1
609331b56df3425437066ca5,0.0322,0.0164,10.8270,10.8755,1,,,0,0.000512,1.0327,0,1,3
609268806df3425437a48ad6,0.0755,0.0314,10.9658,11.0726,1,,,0,0.004354,1.1531,0,1,1
6093a8586df3425437a07c41,0.0166,0.0198,10.5180,10.5543,1,,,0,0.003155,1.0379,0,1,3
60918a746df3425437604956,0.0305,0.0164,10.9806,11.0275,1,,,0,0.009551,2.1121,0,1,2
6091f1746df34254370f8e56,0.0140,0.0149,10.5818,10.6107,1,,,0,0.015705,1.1819,0,1,2
6091ebeb6df3425437c156db,0.0169,0.0178,9.8347,9.8694,1,,,0,0.000380,1.2590,0,1,3
6093baa36df3425437b7fcd2,0.0159,0.0146,10.3133,10.3437,1,,,1,0.015486,1.1517,0,0,2
609274696df342543701ea26,0.0115,0.0147,10.3992,10.4254,1,,,0,0.007808,1.0606,0,1,2
6093b9186df3425437a5d53e,0.0647,0.0262,11.2148,11.3056,1,,,0,0.000824,1.1687,0,0,1
609137446df3425437fb9f66,0.0290,0.0167,10.5395,10.5853,1,,,0,0.002103,1.0337,0,1,2
6092797b6df3425437237467,0.0152,0.0165,10.3791,10.4108,1,,,0,0.002284,1.1920,0,0,1
609174796df34254373bef38,0.0057,0.0186,10.2822,10.3065,1,,,0,0.007064,1.2779,0,0,1
609285fd6df3425437883121,0.0785,0.0234,11.8884,11.9903,1,,,0,0.000981,1.0894,0,0,0
6095950e6df3425437e04199,0.0728,0.0212,11.9019,11.9959,1,,,0,0.000876,1.2658,0,1,2
609336aa6df34254372270c9,0.0163,0.0158,10.4822,10.5143,1,,,0,0.000868,1.0535,0,1,3
60925f816df342543766e6b8,0.0178,0.0161,10.3586,10.3925,1,,,0,0.000130,1.0359,0,1,2
6091be486df342543776f120,0.0409,0.0217,11.0413,11.1039,1,,,0,0.003678,1.0127,0,1,2
609153126df34254372010a9,0.0103,0.0140,10.1838,10.2082,1,,,1,0.009601,1.1941,0,0,1
6091e5796df34254376dfd4e,0.0152,0.0150,9.7857,9.8159,1,,,0,0.004346,1.0612,0,0,2
60955d4e6df3425437ec70c9,0.0161,0.0160,10.4237,10.4558,1,,,0,0.001236,1.5243,0,0,1
6092401a6df3425437bd87ac,0.0860,0.0221,11.7715,11.8796,1,,,0,0.004571,1.1269,0,0,1
6093b1326df34254373650b2,0.0175,0.0153,10.4138,10.4467,1,,,0,0.001029,1.7431,0,0,1
6093f9df6df3425437b72403,0.0537,0.0244,11.0102,11.0884,1,,,0,0.004228,1.0912,0,1,2
6093075c6df3425437a102d5,0.1035,0.0276,11.9148,12.0459,1,,,0,0.000240,1.2606,0,0,2
609138cc6df34254370f4076,0.0084,0.0156,10.3240,10.3480,1,,,0,0.001450,1.8414,0,0,2
6092fcea6df3425437a04929,0.0156,0.0170,10.1837,10.2163,1,,,0,0.003468,1.0012,0,0,2
609425996df3425437b6de03,0.0096,0.0145,10.2979,10.3220,1,,,1,0.016263,1.5164,0,1,3
6091fdbc6df34254378c88bb,0.0260,0.0198,10.0813,10.1270,1,,,0,0.001546,1.2438,0,1,2
609182f86df3425437eb1690,0.0315,0.0268,9.9133,9.9717,1,,,0,0.005096,1.0595,0,1,2
6091b76c6df342543729d888,0.0143,0.0152,10.4862,10.5157,1,,,1,0.005010,1.2103,0,0,2
609379536df3425437dde49c,0.1005,0.0234,12.1612,12.2851,1,,,0,0.001706,1.1101,0,,
60940ad76df342543717e0e2,0.0246,0.0162,10.9739,11.0146,1,,,0,0.005361,1.2085,0,0,1
609345826df34254373c1e38,0.0190,0.0149,10.3108,10.3447,1,,,0,0.003575,1.0875,0,1,2
60913d286df3425437424115,0.0450,0.0234,11.2200,11.2884,1,,,0,0.002410,1.6235,0,1,2
60936ca56df342543794f1af,0.0633,0.0229,11.4977,11.5838,1,,,0,0.000162,1.0790,0,0,1
609180ae6df3425437c695be,0.0279,0.0154,10.1973,10.2405,1,,,0,0.000964,1.0225,0,0,3
6093238f6df3425437bf7106,0.0232,0.0238,10.6909,10.7380,1,,,0,0.003861,1.0387,0,1,2
6091d67e6df3425437b37a60,0.0331,0.0162,10.1793,10.2287,1,,,1,0.021485,2.1327,0,1,3
60920c886df34254372c41f5,0.0185,0.0153,10.1967,10.2305,1,,,0,0.002158,1.0223,0,1,2
6093ccba6df342543758a373,0.0270,0.0161,10.4448,10.4879,1,,,0,0.007708,1.0295,0,1,3
6091d4ec6df34254379b5ef5,0.0146,0.0152,10.4753,10.5051,1,,,1,0.003468,1.2255,0,1,2
6093bbad6df3425437c553ae,0.0237,0.0221,10.4914,10.5372,1,,,0,0.000735,1.1361,0,0,3
609261be6df342543774abf7,0.0666,0.0271,10.9878,11.0815,1,,,0,0.001278,1.0869,0,0,1
609423a96df34254378ffc16,0.0297,0.0164,10.6389,10.6851,1,,,1,0.016221,1.0991,0,1,2
60925aff6df34254374b3388,0.0086,0.0149,10.0804,10.1039,1,,,0,0.001981,1.1684,0,0,1
6091ac066df3425437b7c927,0.0456,0.0174,10.9317,10.9947,1,,,0,0.004423,1.0102,0,0,2
609191456df3425437b5faf0,0.0423,0.0163,11.4411,11.4996,1,,,0,0.006288,1.0075,0,0,0
609392cc6df34254375d68e4,0.0077,0.0141,10.1407,10.1625,1,,,1,0.004706,1.4324,0,0,2
60936c156df342543776741d,0.0414,0.0168,11.2007,11.2588,1,,,0,0.000050,1.1525,0,0,2
609414d06df34254378dc735,0.0607,0.0262,11.1264,11.2133,1,,,0,0.007223,1.0180,0,0,2
609158516df34254375bcca7,0.0288,0.0210,10.0193,10.0691,1,,,0,0.002285,1.0037,0,0,0
6093e3f36df3425437f25b6d,0.0090,0.0160,9.9444,9.9694,1,,,1,0.022410,2.0761,1,1,1
60915fc86df34254378ac1a1,0.0197,0.0157,10.5901,10.6255,1,,,0,0.000639,1.0908,0,0,3
609128356df34254379cabf0,0.0145,0.0151,10.4550,10.4846,1,,,0,0.003751,1.0448,0,0,2
6093880d6df3425437c373d9,0.0898,0.0244,12.1801,12.2942,1,,,0,0.001199,1.0000,0,0,2
6092258e6df3425437fe9d23,0.0533,0.0173,10.8638,10.9344,1,,,0,0.001631,1.0585,0,0,2
6091da356df3425437e4432e,0.0183,0.0175,10.4038,10.4396,1,,,0,0.000055,1.0306,0,0,0
609128506df34254379dd5fb,0.0165,0.0188,10.4915,10.5268,1,,,0,0.001387,1.3853,0,0,2
60937e746df34254373991a3,0.0213,0.0202,10.5915,10.6330,1,,,0,0.000539,1.0000,0,0,2
6093ee6b6df342543745fa4f,0.0434,0.0170,10.8658,10.9262,1,,,0,0.001087,1.0797,0,0,2
609155016df342543733a082,0.0147,0.0158,10.5429,10.5734,1,,,0,0.003313,1.0856,0,1,2
6093196f6df3425437acfd9c,0.0219,0.0164,10.2133,10.2516,1,,,0,0.003560,2.7095,0,1,1
609321366df3425437394844,0.0369,0.0176,10.8854,10.9399,1,,,0,0.004464,1.0160,1,0,1
609315e26df3425437ce9db2,0.0388,0.0169,11.2410,11.2966,1,,,0,0.007358,1.2372,0,0,1
6093324f6df34254372a382c,0.0342,0.0163,10.9089,10.9594,1,,,0,0.000263,1.0442,0,1,2
609410416df34254375035df,0.0213,0.0207,10.6410,10.6830,1,,,0,0.002508,1.0552,0,1,3
6092363a6df342543776166d,0.0264,0.0168,10.2342,10.2773,1,,,0,0.002375,1.0666,0,0,3
60920ca26df34254372cbf48,0.0266,0.0162,10.1602,10.2030,1,,,1,0.017068,1.3724,0,0,2
6093059d6df34254373f3c13,0.0156,0.0162,10.6700,10.7018,1,,,0,0.003197,1.1719,0,1,1
609388916df3425437cc0673,0.0174,0.0159,10.7512,10.7846,1,,,0,0.001269,1.3458,0,1,2
60913da26df342543748ee53,0.0288,0.0169,10.7196,10.7652,1,,,0,0.017179,1.0929,0,0,3
6091e22a6df34254374e83f6,0.0177,0.0138,10.1912,10.2228,1,,,0,0.004922,2.6297,0,0,2
60940e946df34254373e64f7,0.0781,0.0273,11.8024,11.9078,1,,,0,0.000652,1.3760,0,0,1
6093ee6b6df342543745fa53,0.0541,0.0273,11.4555,11.5369,1,,,1,0.001000,1.0577,0,0,2
6091ec856df3425437ca8b28,0.0825,0.0215,12.0683,12.1723,1,,,0,0.001103,1.1023,0,0,2
6093c0be6df3425437fd5a7c,0.0125,0.0135,10.1438,10.1698,1,,,0,0.006112,1.2851,0,0,2
609390036df342543739a2d3,0.0399,0.0165,11.2358,11.2922,1,,,0,0.000741,1.0067,0,1,3
6094193b6df3425437e03004,0.0325,0.0150,10.6556,10.7031,1,,,1,0.013256,1.1466,0,1,3
609268056df3425437a00486,0.0213,0.0153,10.8357,10.8723,1,,,1,0.005401,1.0751,0,1,1
6091dfab6df3425437305761,0.0099,0.0161,10.6460,10.6720,1,,,0,0.003034,1.1263,0,0,3
609378556df3425437cd495a,0.0095,0.0174,10.5424,10.5694,1,,,0,0.002361,1.0000,0,0,2
6093bf996df3425437f3f01c,0.0126,0.0256,10.4282,10.4664,1,,,0,0.001402,1.0000,0,0,2
609359f06df3425437e5254d,0.0389,0.0259,10.2095,10.2743,1,,,0,0.012261,1.0875,0,1,2
60932e596df34254374aebaa,0.0242,0.0161,10.8687,10.9090,1,,,0,0.007021,1.1788,0,1,2
6093a8586df3425437a07c4b,0.0133,0.0147,10.7324,10.7604,1,,,0,0.004807,1.0379,0,1,2
6093b12b6df342543735cdf7,0.1340,0.0284,12.6391,12.8014,1,,,0,0.001749,1.1938,0,0,1
6091884e6df34254373e6a51,0.0176,0.0146,10.1821,10.2143,1,,,0,0.003725,2.3700,0,0,1
6091c80b6df3425437e2fd5b,0.0204,0.0150,10.7696,10.8050,1,,,0,0.001819,1.1522,1,1,2
609386c76df3425437aef5f4,0.0147,0.0141,9.9798,10.0086,1,,,0,0.017119,1.1853,0,1,1
609239c06df34254378cc895,0.0234,0.0141,9.9131,9.9506,1,,,0,0.002303,1.1709,0,0,2
609228646df3425437120af2,0.0093,0.0143,10.2034,10.2269,1,,,1,0.016096,1.6556,0,0,2
60956a1e6df342543742890c,0.0114,0.0143,10.5692,10.5949,1,,,1,0.001911,1.2103,0,0,2
6092194d6df3425437a5b36e,0.0129,0.0147,10.2582,10.2858,1,,,1,0.003636,2.4524,0,1,1
609203d36df3425437c84375,0.0257,0.0155,10.0182,10.0594,1,,,0,0.007127,1.0837,0,0,2
609345de6df34254374d5b5b,0.0362,0.0185,10.6321,10.6868,1,,,0,0.002154,1.0793,0,0,2
6094000d6df3425437eb2f07,0.0948,0.0223,12.2168,12.3339,1,,,0,0.003161,1.1290,0,0,1
60916cf36df3425437e8e9a9,0.0142,0.0152,10.7463,10.7757,1,,,0,0.000802,1.1161,0,1,3
6091483f6df3425437beb8b6,0.0541,0.0257,10.9532,11.0331,1,,,0,0.016616,1.0127,0,1,3
60917f256df3425437b9a81a,0.0101,0.0156,10.2029,10.2286,1,,,1,0.015470,2.0761,0,0,1
609144b76df34254379b38c0,0.0272,0.0169,10.5867,10.6308,1,,,0,0.007214,1.0769,0,1,3
60919cea6df34254372cdd60,0.0182,0.0160,10.9650,10.9991,1,,,1,0.009538,1.2720,0,0,2
6091c6b66df3425437d30739,0.0440,0.0162,10.9196,10.9799,1,,,0,0.001130,1.2533,0,1,3
6091f5e16df34254373e94b1,0.0277,0.0270,10.7634,10.8180,1,,,0,0.000687,1.0000,0,1,3
6093e2a76df3425437ea3140,0.0157,0.0151,10.1081,10.1389,1,,,0,0.003455,1.0136,0,0,2
609360136df3425437c81478,0.0272,0.0265,10.0187,10.0723,1,,,1,0.006599,1.0694,0,0,1
6091f19a6df342543710c3b3,0.0393,0.0361,10.7995,10.8749,1,,,0,0.001529,1.1232,0,1,1
6091d0676df342543756445c,0.0608,0.0225,11.5475,11.6308,1,,,0,0.003120,1.0442,0,1,1
60932c906df3425437e3c4b6,0.0277,0.0161,10.3947,10.4384,1,,,0,0.005110,1.5052,0,1,2
6093f8ca6df3425437adc940,0.0231,0.0176,10.8407,10.8815,1,,,0,0.013037,1.0001,0,0,1
609147656df3425437b73130,0.0201,0.0164,10.8284,10.8649,1,,,1,0.005401,1.0751,0,1,1
6095929d6df3425437d0581b,0.0326,0.0170,11.0270,11.0766,1,,,0,0.002078,1.1375,0,0,2
60938fed6df3425437388de7,0.0045,0.0147,9.8699,9.8891,1,,,0,0.003292,1.2213,0,0,1
6093c91b6df342543740e97b,0.0323,0.0215,10.4892,10.5430,1,,,1,0.006770,1.1625,0,1,2
6091d1946df3425437698384,0.0179,0.0257,10.1972,10.2408,1,,,0,0.002485,1.4855,0,0,1
609204a06df3425437d2713b,0.0284,0.0161,11.0243,11.0687,1,,,1,0.001175,1.4394,0,0,1
6093c0be6df3425437fd5a58,0.0122,0.0156,10.2189,10.2467,1,,,0,0.005662,1.0881,0,0,1
609239c06df34254378cc897,0.0508,0.0179,10.7274,10.7961,1,,,0,0.004144,1.5278,0,0,2
60933e5f6df3425437ce2dff,0.0261,0.0163,11.0051,11.0475,1,,,0,0.001120,1.0463,0,0,2
60921e2c6df3425437c69942,0.0169,0.0148,10.4252,10.4568,1,,,0,0.000852,1.0560,0,1,3
60917ee36df3425437b4b8fd,0.0069,0.0160,10.3144,10.3373,1,,,0,0.007560,1.1650,0,0,2
6093883e6df3425437c6ee81,0.0281,0.0210,10.7511,10.8002,1,,,0,0.000588,1.0000,0,0,0
6092401a6df3425437bd8798,0.0740,0.0214,11.7446,11.8400,1,,,0,0.004571,1.1269,0,0,1
609413cf6df34254377de112,0.0356,0.0191,10.9000,10.9547,1,,,0,0.001667,1.7029,0,0,2
609394bf6df3425437769fd8,0.0095,0.0134,9.9016,9.9245,1,,,0,0.007056,2.2215,0,0,1
6091ce396df3425437384d7c,0.0454,0.0187,11.2221,11.2863,1,,,1,0.000173,1.0216,0,1,2
60938d826df342543712a2e6,0.0199,0.0157,10.9373,10.9728,1,,,0,0.014038,1.3616,0,0,2
609381546df34254375734da,0.0189,0.0148,10.1983,10.2321,1,,,0,0.000408,1.0446,0,1,1
609235ba6df342543772c126,0.0429,0.0165,10.5932,10.6525,1,,,1,0.001021,1.0262,0,0,3
6093019a6df3425437562d36,0.0169,0.0222,10.4435,10.4826,1,,,0,0.002081,1.0839,0,0,1
609124fd6df34254377f9f68,0.0057,0.0134,10.1264,10.1454,1,,,1,0.018122,2.0761,0,1,3
60917f0a6df3425437b7aacf,0.0212,0.0149,10.4388,10.4749,1,,,1,0.015912,1.1217,0,1,3
6091f9a16df34254375fcc46,0.0065,0.0133,9.9359,9.9556,1,,,1,0.000841,1.7403,1,0,1
6091cab66df342543706f0c3,0.0132,0.0140,10.0232,10.0504,1,,,0,0.001148,1.0033,0,1,3
609305e26df342543752a37a,0.0375,0.0180,10.6720,10.7274,1,,,1,0.011187,1.0093,0,0,2
60915fc86df34254378ac162,0.0242,0.0223,10.6034,10.6498,1,,,0,0.001276,1.0908,0,1,2
609149ca6df3425437caad47,0.0218,0.0155,10.4101,10.4475,1,,,0,0.011313,1.0875,0,0,3
