declaration_id,rank,regulation_id,score
6091ab306df3425437ab3113,1,NPA0064,0.032522
6091ab306df3425437ab3113,2,NPA0015,0.029462
6091ab306df3425437ab3113,3,NPA0162,0.028790
6091ab306df3425437ab3113,4,NPA0539,0.027778
6091ab306df3425437ab3113,5,NPA0527,0.027652
6091ab306df3425437ab3113,6,NPA0392,0.027480
6091ab306df3425437ab3113,7,NPA0402,0.026151
6091ab306df3425437ab3113,8,NPA0105,0.024923
6091ab306df3425437ab3113,9,NPA0027,0.024877
6091ab306df3425437ab3113,10,NPA0201,0.024634
609190fc6df3425437aef1af,1,NPA0201,0.031258
609190fc6df3425437aef1af,2,NPA0188,0.029857
609190fc6df3425437aef1af,3,NPA0373,0.029324
609190fc6df3425437aef1af,4,NPA0227,0.029116
609190fc6df3425437aef1af,5,NPA0236,0.029052
609190fc6df3425437aef1af,6,NPA0141,0.028485
609190fc6df3425437aef1af,7,NPA0243,0.028372
609190fc6df3425437aef1af,8,NPA0527,0.028021
609190fc6df3425437aef1af,9,NPA0313,0.027984
609190fc6df3425437aef1af,10,NPA0180,0.027402
60926ff56df3425437dac7c5,1,NPA0042,0.032787
60926ff56df3425437dac7c5,2,NPA0548,0.031025
60926ff56df3425437dac7c5,3,NPA0207,0.030550
60926ff56df3425437dac7c5,4,NPA0353,0.030331
60926ff56df3425437dac7c5,5,NPA0159,0.026767
60926ff56df3425437dac7c5,6,NPA0121,0.026334
60926ff56df3425437dac7c5,7,NPA0546,0.025385
60926ff56df3425437dac7c5,8,NPA0312,0.024723
60926ff56df3425437dac7c5,9,NPA0375,0.024110
60926ff56df3425437dac7c5,10,NPA0144,0.023537
60941fc06df34254375e2f72,1,NPA0546,0.031778
60941fc06df34254375e2f72,2,NPA0159,0.031281
60941fc06df34254375e2f72,3,NPA0310,0.031281
60941fc06df34254375e2f72,4,NPA0353,0.031010
60941fc06df34254375e2f72,5,NPA0548,0.030550
60941fc06df34254375e2f72,6,NPA0312,0.029762
60941fc06df34254375e2f72,7,NPA0352,0.025452
60941fc06df34254375e2f72,8,NPA0531,0.025448
60941fc06df34254375e2f72,9,NPA0272,0.024494
60941fc06df34254375e2f72,10,NPA0214,0.023976
60933b696df34254372e4337,1,NPA0243,0.032266
60933b696df34254372e4337,2,NPA0527,0.032002
60933b696df34254372e4337,3,NPA0311,0.027810
60933b696df34254372e4337,4,NPA0515,0.027757
60933b696df34254372e4337,5,NPA0141,0.027444
60933b696df34254372e4337,6,NPA0014,0.027032
60933b696df34254372e4337,7,NPA0227,0.026496
60933b696df34254372e4337,8,NPA0038,0.026014
60933b696df34254372e4337,9,NPA0368,0.025794
60933b696df34254372e4337,10,NPA0166,0.025459
6093479e6df34254379fbc0b,1,NPA0177,0.026374
6093479e6df34254379fbc0b,2,NPA0180,0.026161
6093479e6df34254379fbc0b,3,NPA0129,0.025123
6093479e6df34254379fbc0b,4,NPA0029,0.025063
6093479e6df34254379fbc0b,5,NPA0140,0.024812
6093479e6df34254379fbc0b,6,NPA0227,0.024289
6093479e6df34254379fbc0b,7,NPA0385,0.024001
6093479e6df34254379fbc0b,8,NPA0147,0.023259
6093479e6df34254379fbc0b,9,NPA0555,0.023237
6093479e6df34254379fbc0b,10,NPA0313,0.022817
609178846df34254377c2837,1,NPA0562,0.032787
609178846df34254377c2837,2,NPA0083,0.030536
609178846df34254377c2837,3,NPA0231,0.028986
609178846df34254377c2837,4,NPA0037,0.028814
609178846df34254377c2837,5,NPA0506,0.027222
609178846df34254377c2837,6,NPA0539,0.026546
609178846df34254377c2837,7,NPA0401,0.025992
609178846df34254377c2837,8,NPA0286,0.024541
609178846df34254377c2837,9,NPA0020,0.024152
609178846df34254377c2837,10,NPA0001,0.023259
609187056df34254372c69f2,1,NPA0356,0.031054
609187056df34254372c69f2,2,NPA0193,0.030282
609187056df34254372c69f2,3,NPA0183,0.029710
609187056df34254372c69f2,4,NPA0214,0.029551
609187056df34254372c69f2,5,NPA0060,0.029387
609187056df34254372c69f2,6,NPA0218,0.027894
609187056df34254372c69f2,7,NPA0488,0.027783
609187056df34254372c69f2,8,NPA0251,0.025911
609187056df34254372c69f2,9,NPA0350,0.025459
609187056df34254372c69f2,10,NPA0222,0.023972
609252c66df342543723e641,1,NPA0524,0.032522
609252c66df342543723e641,2,NPA0436,0.026042
609252c66df342543723e641,3,NPA0477,0.025694
609252c66df342543723e641,4,NPA0026,0.023847
609252c66df342543723e641,5,NPA0191,0.023790
609252c66df342543723e641,6,NPA0314,0.022990
609252c66df342543723e641,7,NPA0084,0.021759
609252c66df342543723e641,8,NPA0348,0.021673
609252c66df342543723e641,9,NPA0118,0.020542
609252c66df342543723e641,10,NPA0534,0.019513
6091c6086df3425437c97515,1,NPA0024,0.032266
6091c6086df3425437c97515,2,NPA0054,0.031778
6091c6086df3425437c97515,3,NPA0559,0.031498
6091c6086df3425437c97515,4,NPA0231,0.031281
6091c6086df3425437c97515,5,NPA0513,0.030415
6091c6086df3425437c97515,6,NPA0190,0.028992
6091c6086df3425437c97515,7,NPA0561,0.027526
6091c6086df3425437c97515,8,NPA0221,0.027418
6091c6086df3425437c97515,9,NPA0090,0.026121
6091c6086df3425437c97515,10,NPA0401,0.025579
60932cb16df3425437e6728f,1,NPA0386,0.032266
60932cb16df3425437e6728f,2,NPA0064,0.029857
60932cb16df3425437e6728f,3,NPA0376,0.029572
60932cb16df3425437e6728f,4,NPA0527,0.029514
60932cb16df3425437e6728f,5,NPA0068,0.028787
60932cb16df3425437e6728f,6,NPA0392,0.028577
60932cb16df3425437e6728f,7,NPA0243,0.028372
60932cb16df3425437e6728f,8,NPA0293,0.025987
60932cb16df3425437e6728f,9,NPA0053,0.025679
60932cb16df3425437e6728f,10,NPA0040,0.025418
6092040b6df3425437caa69f,1,NPA0190,0.032787
6092040b6df3425437caa69f,2,NPA0359,0.031498
6092040b6df3425437caa69f,3,NPA0284,0.029469
6092040b6df3425437caa69f,4,NPA0396,0.028624
6092040b6df3425437caa69f,5,NPA0186,0.025526
6092040b6df3425437caa69f,6,NPA0480,0.024585
6092040b6df3425437caa69f,7,NPA0097,0.024194
6092040b6df3425437caa69f,8,NPA0099,0.023413
6092040b6df3425437caa69f,9,NPA0463,0.023296
6092040b6df3425437caa69f,10,NPA0231,0.021111
6093003b6df3425437ffffdc,1,NPA0272,0.032266
6093003b6df3425437ffffdc,2,NPA0490,0.032266
6093003b6df3425437ffffdc,3,NPA0469,0.032258
6093003b6df3425437ffffdc,4,NPA0273,0.030331
6093003b6df3425437ffffdc,5,NPA0093,0.030310
6093003b6df3425437ffffdc,6,NPA0178,0.030077
6093003b6df3425437ffffdc,7,NPA0232,0.028382
6093003b6df3425437ffffdc,8,NPA0193,0.027972
6093003b6df3425437ffffdc,9,NPA0156,0.027480
6093003b6df3425437ffffdc,10,NPA0548,0.026754
609162026df34254379ab8ad,1,NPA0218,0.031746
609162026df34254379ab8ad,2,NPA0243,0.030679
609162026df34254379ab8ad,3,NPA0527,0.029514
609162026df34254379ab8ad,4,NPA0253,0.028006
609162026df34254379ab8ad,5,NPA0275,0.027912
609162026df34254379ab8ad,6,NPA0465,0.027888
609162026df34254379ab8ad,7,NPA0423,0.027757
609162026df34254379ab8ad,8,NPA0006,0.027580
609162026df34254379ab8ad,9,NPA0293,0.026491
609162026df34254379ab8ad,10,NPA0172,0.026145
609320176df342543709102b,1,NPA0064,0.028298
609320176df342543709102b,2,NPA0539,0.027056
609320176df342543709102b,3,NPA0231,0.026748
609320176df342543709102b,4,NPA0162,0.026646
609320176df342543709102b,5,NPA0015,0.026151
609320176df342543709102b,6,NPA0527,0.024807
609320176df342543709102b,7,NPA0392,0.024697
609320176df342543709102b,8,NPA0180,0.024223
609320176df342543709102b,9,NPA0297,0.023969
609320176df342543709102b,10,NPA0227,0.023573
609331b56df3425437066ca5,1,NPA0093,0.032018
609331b56df3425437066ca5,2,NPA0558,0.031545
609331b56df3425437066ca5,3,NPA0273,0.031514
609331b56df3425437066ca5,4,NPA0355,0.030798
609331b56df3425437066ca5,5,NPA0037,0.030415
609331b56df3425437066ca5,6,NPA0469,0.028958
609331b56df3425437066ca5,7,NPA0490,0.028898
609331b56df3425437066ca5,8,NPA0272,0.028191
609331b56df3425437066ca5,9,NPA0342,0.027200
609331b56df3425437066ca5,10,NPA0383,0.027151
609268806df3425437a48ad6,1,NPA0014,0.031746
609268806df3425437a48ad6,2,NPA0338,0.024090
609268806df3425437a48ad6,3,NPA0458,0.023088
609268806df3425437a48ad6,4,NPA0474,0.022183
609268806df3425437a48ad6,5,NPA0178,0.021603
609268806df3425437a48ad6,6,NPA0052,0.020986
609268806df3425437a48ad6,7,NPA0319,0.020621
609268806df3425437a48ad6,8,NPA0295,0.020252
609268806df3425437a48ad6,9,NPA0339,0.020248
609268806df3425437a48ad6,10,NPA0209,0.019397
6093a8586df3425437a07c41,1,NPA0553,0.032787
6093a8586df3425437a07c41,2,NPA0556,0.031514
6093a8586df3425437a07c41,3,NPA0443,0.030159
6093a8586df3425437a07c41,4,NPA0446,0.030077
6093a8586df3425437a07c41,5,NPA0273,0.030018
6093a8586df3425437a07c41,6,NPA0548,0.029857
6093a8586df3425437a07c41,7,NPA0093,0.029572
6093a8586df3425437a07c41,8,NPA0117,0.028006
6093a8586df3425437a07c41,9,NPA0202,0.026334
6093a8586df3425437a07c41,10,NPA0550,0.026042
60918a746df3425437604956,1,NPA0388,0.028778
60918a746df3425437604956,2,NPA0202,0.026289
60918a746df3425437604956,3,NPA0442,0.025063
60918a746df3425437604956,4,NPA0117,0.024108
60918a746df3425437604956,5,NPA0309,0.023720
60918a746df3425437604956,6,NPA0490,0.023555
60918a746df3425437604956,7,NPA0469,0.023259
60918a746df3425437604956,8,NPA0219,0.023259
60918a746df3425437604956,9,NPA0434,0.022924
60918a746df3425437604956,10,NPA0503,0.022483
6091f1746df34254370f8e56,1,NPA0338,0.032018
6091f1746df34254370f8e56,2,NPA0479,0.030331
6091f1746df34254370f8e56,3,NPA0473,0.027584
6091f1746df34254370f8e56,4,NPA0439,0.027106
6091f1746df34254370f8e56,5,NPA0490,0.026585
6091f1746df34254370f8e56,6,NPA0469,0.026235
6091f1746df34254370f8e56,7,NPA0156,0.025452
6091f1746df34254370f8e56,8,NPA0457,0.025053
6091f1746df34254370f8e56,9,NPA0253,0.025038
6091f1746df34254370f8e56,10,NPA0131,0.024869
6091ebeb6df3425437c156db,1,NPA0087,0.032018
6091ebeb6df3425437c156db,2,NPA0072,0.031025
6091ebeb6df3425437c156db,3,NPA0360,0.028612
6091ebeb6df3425437c156db,4,NPA0393,0.027921
6091ebeb6df3425437c156db,5,NPA0135,0.026974
6091ebeb6df3425437c156db,6,NPA0458,0.026847
6091ebeb6df3425437c156db,7,NPA0429,0.026023
6091ebeb6df3425437c156db,8,NPA0389,0.023903
6091ebeb6df3425437c156db,9,NPA0463,0.023575
6091ebeb6df3425437c156db,10,NPA0474,0.023222
6093baa36df3425437b7fcd2,1,NPA0447,0.032258
6093baa36df3425437b7fcd2,2,NPA0213,0.031746
6093baa36df3425437b7fcd2,3,NPA0529,0.029551
6093baa36df3425437b7fcd2,4,NPA0438,0.027730
6093baa36df3425437b7fcd2,5,NPA0406,0.026050
6093baa36df3425437b7fcd2,6,NPA0341,0.026036
6093baa36df3425437b7fcd2,7,NPA0418,0.025790
6093baa36df3425437b7fcd2,8,NPA0391,0.025678
6093baa36df3425437b7fcd2,9,NPA0047,0.025645
6093baa36df3425437b7fcd2,10,NPA0343,0.025253
609274696df342543701ea26,1,NPA0313,0.030214
609274696df342543701ea26,2,NPA0064,0.030092
609274696df342543701ea26,3,NPA0527,0.029469
609274696df342543701ea26,4,NPA0234,0.029211
609274696df342543701ea26,5,NPA0180,0.028589
609274696df342543701ea26,6,NPA0001,0.028446
609274696df342543701ea26,7,NPA0392,0.028039
609274696df342543701ea26,8,NPA0162,0.027402
609274696df342543701ea26,9,NPA0188,0.026387
609274696df342543701ea26,10,NPA0243,0.025604
6093b9186df3425437a5d53e,1,NPA0454,0.032787
6093b9186df3425437a5d53e,2,NPA0192,0.031754
6093b9186df3425437a5d53e,3,NPA0557,0.030331
6093b9186df3425437a5d53e,4,NPA0093,0.028219
6093b9186df3425437a5d53e,5,NPA0273,0.027826
6093b9186df3425437a5d53e,6,NPA0405,0.027273
6093b9186df3425437a5d53e,7,NPA0002,0.027242
6093b9186df3425437a5d53e,8,NPA0483,0.026709
6093b9186df3425437a5d53e,9,NPA0306,0.026257
6093b9186df3425437a5d53e,10,NPA0268,0.025098
609137446df3425437fb9f66,1,NPA0360,0.030550
609137446df3425437fb9f66,2,NPA0552,0.029387
609137446df3425437fb9f66,3,NPA0224,0.029116
609137446df3425437fb9f66,4,NPA0247,0.026254
609137446df3425437fb9f66,5,NPA0398,0.025479
609137446df3425437fb9f66,6,NPA0164,0.025334
609137446df3425437fb9f66,7,NPA0401,0.024481
609137446df3425437fb9f66,8,NPA0558,0.024259
609137446df3425437fb9f66,9,NPA0192,0.023243
609137446df3425437fb9f66,10,NPA0246,0.022922
6092797b6df3425437237467,1,NPA0144,0.032787
6092797b6df3425437237467,2,NPA0185,0.031514
6092797b6df3425437237467,3,NPA0497,0.029911
6092797b6df3425437237467,4,NPA0275,0.028405
6092797b6df3425437237467,5,NPA0395,0.028219
6092797b6df3425437237467,6,NPA0006,0.028169
6092797b6df3425437237467,7,NPA0150,0.027580
6092797b6df3425437237467,8,NPA0318,0.027480
6092797b6df3425437237467,9,NPA0100,0.027402
6092797b6df3425437237467,10,NPA0493,0.025568
609174796df34254373bef38,1,NPA0552,0.031099
609174796df34254373bef38,2,NPA0352,0.030769
609174796df34254373bef38,3,NPA0404,0.030415
609174796df34254373bef38,4,NPA0257,0.029139
609174796df34254373bef38,5,NPA0483,0.028850
609174796df34254373bef38,6,NPA0267,0.027347
609174796df34254373bef38,7,NPA0558,0.025816
609174796df34254373bef38,8,NPA0383,0.025362
609174796df34254373bef38,9,NPA0429,0.025307
609174796df34254373bef38,10,NPA0398,0.025166
609285fd6df3425437883121,1,NPA0429,0.031281
609285fd6df3425437883121,2,NPA0121,0.031281
609285fd6df3425437883121,3,NPA0398,0.029958
609285fd6df3425437883121,4,NPA0032,0.028205
609285fd6df3425437883121,5,NPA0478,0.027820
609285fd6df3425437883121,6,NPA0172,0.027730
609285fd6df3425437883121,7,NPA0404,0.026736
609285fd6df3425437883121,8,NPA0410,0.026334
609285fd6df3425437883121,9,NPA0444,0.025856
609285fd6df3425437883121,10,NPA0318,0.025245
6095950e6df3425437e04199,1,NPA0474,0.029514
6095950e6df3425437e04199,2,NPA0548,0.026862
6095950e6df3425437e04199,3,NPA0321,0.026810
6095950e6df3425437e04199,4,NPA0545,0.025978
6095950e6df3425437e04199,5,NPA0388,0.024675
6095950e6df3425437e04199,6,NPA0458,0.024157
6095950e6df3425437e04199,7,NPA0222,0.024080
6095950e6df3425437e04199,8,NPA0179,0.021981
6095950e6df3425437e04199,9,NPA0461,0.021602
6095950e6df3425437e04199,10,NPA0556,0.020885
609336aa6df34254372270c9,1,NPA0259,0.031545
609336aa6df34254372270c9,2,NPA0322,0.030622
609336aa6df34254372270c9,3,NPA0545,0.029031
609336aa6df34254372270c9,4,NPA0374,0.028898
609336aa6df34254372270c9,5,NPA0266,0.023632
609336aa6df34254372270c9,6,NPA0056,0.023536
609336aa6df34254372270c9,7,NPA0311,0.023342
609336aa6df34254372270c9,8,NPA0294,0.022618
609336aa6df34254372270c9,9,NPA0237,0.022477
609336aa6df34254372270c9,10,NPA0097,0.022247
60925f816df342543766e6b8,1,NPA0353,0.031778
60925f816df342543766e6b8,2,NPA0548,0.030622
60925f816df342543766e6b8,3,NPA0159,0.030579
60925f816df342543766e6b8,4,NPA0546,0.030550
60925f816df342543766e6b8,5,NPA0279,0.030077
60925f816df342543766e6b8,6,NPA0461,0.029911
60925f816df342543766e6b8,7,NPA0290,0.028739
60925f816df342543766e6b8,8,NPA0174,0.028324
60925f816df342543766e6b8,9,NPA0312,0.025189
60925f816df342543766e6b8,10,NPA0393,0.025062
6091be486df342543776f120,1,NPA0309,0.032522
6091be486df342543776f120,2,NPA0429,0.032018
6091be486df342543776f120,3,NPA0013,0.031010
6091be486df342543776f120,4,NPA0273,0.030415
6091be486df342543776f120,5,NPA0093,0.030366
6091be486df342543776f120,6,NPA0253,0.029274
6091be486df342543776f120,7,NPA0202,0.029199
6091be486df342543776f120,8,NPA0220,0.028405
6091be486df342543776f120,9,NPA0032,0.028309
6091be486df342543776f120,10,NPA0352,0.028259
609153126df34254372010a9,1,NPA0159,0.032266
609153126df34254372010a9,2,NPA0353,0.032002
609153126df34254372010a9,3,NPA0546,0.031754
609153126df34254372010a9,4,NPA0548,0.030331
609153126df34254372010a9,5,NPA0312,0.028898
609153126df34254372010a9,6,NPA0310,0.028850
609153126df34254372010a9,7,NPA0279,0.027826
609153126df34254372010a9,8,NPA0174,0.026145
609153126df34254372010a9,9,NPA0290,0.025808
609153126df34254372010a9,10,NPA0393,0.025062
6091e5796df34254376dfd4e,1,NPA0253,0.031250
6091e5796df34254376dfd4e,2,NPA0314,0.030622
6091e5796df34254376dfd4e,3,NPA0340,0.029907
6091e5796df34254376dfd4e,4,NPA0219,0.029727
6091e5796df34254376dfd4e,5,NPA0440,0.029083
6091e5796df34254376dfd4e,6,NPA0164,0.029031
6091e5796df34254376dfd4e,7,NPA0182,0.028694
6091e5796df34254376dfd4e,8,NPA0503,0.028370
6091e5796df34254376dfd4e,9,NPA0160,0.028219
6091e5796df34254376dfd4e,10,NPA0235,0.026901
60955d4e6df3425437ec70c9,1,NPA0416,0.032787
60955d4e6df3425437ec70c9,2,NPA0466,0.032002
60955d4e6df3425437ec70c9,3,NPA0103,0.029710
60955d4e6df3425437ec70c9,4,NPA0050,0.029211
60955d4e6df3425437ec70c9,5,NPA0341,0.027652
60955d4e6df3425437ec70c9,6,NPA0532,0.025000
60955d4e6df3425437ec70c9,7,NPA0534,0.023864
60955d4e6df3425437ec70c9,8,NPA0370,0.023222
60955d4e6df3425437ec70c9,9,NPA0214,0.022790
60955d4e6df3425437ec70c9,10,NPA0219,0.022618
6092401a6df3425437bd87ac,1,NPA0190,0.030679
6092401a6df3425437bd87ac,2,NPA0116,0.030622
6092401a6df3425437bd87ac,3,NPA0197,0.027885
6092401a6df3425437bd87ac,4,NPA0326,0.026905
6092401a6df3425437bd87ac,5,NPA0231,0.026621
6092401a6df3425437bd87ac,6,NPA0248,0.026334
6092401a6df3425437bd87ac,7,NPA0554,0.024688
6092401a6df3425437bd87ac,8,NPA0083,0.024675
6092401a6df3425437bd87ac,9,NPA0344,0.023135
6092401a6df3425437bd87ac,10,NPA0015,0.021730
6093b1326df34254373650b2,1,NPA0416,0.032787
6093b1326df34254373650b2,2,NPA0054,0.029644
6093b1326df34254373650b2,3,NPA0370,0.029010
6093b1326df34254373650b2,4,NPA0513,0.028083
6093b1326df34254373650b2,5,NPA0559,0.026511
6093b1326df34254373650b2,6,NPA0401,0.023555
6093b1326df34254373650b2,7,NPA0428,0.023438
6093b1326df34254373650b2,8,NPA0560,0.023411
6093b1326df34254373650b2,9,NPA0466,0.023201
6093b1326df34254373650b2,10,NPA0190,0.022550
6093f9df6df3425437b72403,1,NPA0288,0.032002
6093f9df6df3425437b72403,2,NPA0490,0.031545
6093f9df6df3425437b72403,3,NPA0469,0.031514
6093f9df6df3425437b72403,4,NPA0382,0.029877
6093f9df6df3425437b72403,5,NPA0218,0.028860
6093f9df6df3425437b72403,6,NPA0001,0.028577
6093f9df6df3425437b72403,7,NPA0253,0.026547
6093f9df6df3425437b72403,8,NPA0156,0.024444
6093f9df6df3425437b72403,9,NPA0178,0.024152
6093f9df6df3425437b72403,10,NPA0267,0.023215
6093075c6df3425437a102d5,1,NPA0368,0.030769
6093075c6df3425437a102d5,2,NPA0227,0.030679
6093075c6df3425437a102d5,3,NPA0373,0.030331
6093075c6df3425437a102d5,4,NPA0242,0.026553
6093075c6df3425437a102d5,5,NPA0141,0.026387
6093075c6df3425437a102d5,6,NPA0201,0.026199
6093075c6df3425437a102d5,7,NPA0439,0.026190
6093075c6df3425437a102d5,8,NPA0445,0.025677
6093075c6df3425437a102d5,9,NPA0018,0.025362
6093075c6df3425437a102d5,10,NPA0096,0.025333
609138cc6df34254370f4076,1,NPA0550,0.032787
609138cc6df34254370f4076,2,NPA0553,0.031054
609138cc6df34254370f4076,3,NPA0034,0.027347
609138cc6df34254370f4076,4,NPA0348,0.024723
609138cc6df34254370f4076,5,NPA0446,0.024315
609138cc6df34254370f4076,6,NPA0185,0.024289
609138cc6df34254370f4076,7,NPA0545,0.024086
609138cc6df34254370f4076,8,NPA0557,0.023600
609138cc6df34254370f4076,9,NPA0395,0.023555
609138cc6df34254370f4076,10,NPA0548,0.023457
6092fcea6df3425437a04929,1,NPA0180,0.032522
6092fcea6df3425437a04929,2,NPA0313,0.031746
6092fcea6df3425437a04929,3,NPA0188,0.030835
6092fcea6df3425437a04929,4,NPA0015,0.028205
6092fcea6df3425437a04929,5,NPA0064,0.027973
6092fcea6df3425437a04929,6,NPA0151,0.027826
6092fcea6df3425437a04929,7,NPA0234,0.027480
6092fcea6df3425437a04929,8,NPA0527,0.026357
6092fcea6df3425437a04929,9,NPA0141,0.026137
6092fcea6df3425437a04929,10,NPA0001,0.026084
609425996df3425437b6de03,1,NPA0562,0.032787
609425996df3425437b6de03,2,NPA0083,0.030579
609425996df3425437b6de03,3,NPA0037,0.027598
609425996df3425437b6de03,4,NPA0231,0.027588
609425996df3425437b6de03,5,NPA0401,0.026671
609425996df3425437b6de03,6,NPA0539,0.026546
609425996df3425437b6de03,7,NPA0020,0.025679
609425996df3425437b6de03,8,NPA0286,0.025461
609425996df3425437b6de03,9,NPA0356,0.024501
609425996df3425437b6de03,10,NPA0506,0.023542
6091fdbc6df34254378c88bb,1,NPA0432,0.030092
6091fdbc6df34254378c88bb,2,NPA0430,0.028219
6091fdbc6df34254378c88bb,3,NPA0070,0.028043
6091fdbc6df34254378c88bb,4,NPA0052,0.027493
6091fdbc6df34254378c88bb,5,NPA0109,0.025712
6091fdbc6df34254378c88bb,6,NPA0497,0.025654
6091fdbc6df34254378c88bb,7,NPA0328,0.025461
6091fdbc6df34254378c88bb,8,NPA0512,0.025397
6091fdbc6df34254378c88bb,9,NPA0097,0.024475
6091fdbc6df34254378c88bb,10,NPA0054,0.024423
609182f86df3425437eb1690,1,NPA0544,0.028324
609182f86df3425437eb1690,2,NPA0248,0.027799
609182f86df3425437eb1690,3,NPA0147,0.027505
609182f86df3425437eb1690,4,NPA0315,0.027056
609182f86df3425437eb1690,5,NPA0076,0.026621
609182f86df3425437eb1690,6,NPA0325,0.026547
609182f86df3425437eb1690,7,NPA0066,0.026289
609182f86df3425437eb1690,8,NPA0176,0.026199
609182f86df3425437eb1690,9,NPA0551,0.026182
609182f86df3425437eb1690,10,NPA0344,0.024878
6091b76c6df342543729d888,1,NPA0429,0.031545
6091b76c6df342543729d888,2,NPA0416,0.030310
6091b76c6df342543729d888,3,NPA0054,0.029907
6091b76c6df342543729d888,4,NPA0309,0.029287
6091b76c6df342543729d888,5,NPA0221,0.028382
6091b76c6df342543729d888,6,NPA0253,0.028039
6091b76c6df342543729d888,7,NPA0032,0.027984
6091b76c6df342543729d888,8,NPA0513,0.027864
6091b76c6df342543729d888,9,NPA0360,0.027826
6091b76c6df342543729d888,10,NPA0560,0.027820
609379536df3425437dde49c,1,NPA0339,0.032266
609379536df3425437dde49c,2,NPA0365,0.028446
609379536df3425437dde49c,3,NPA0304,0.028372
609379536df3425437dde49c,4,NPA0469,0.027757
609379536df3425437dde49c,5,NPA0490,0.027623
609379536df3425437dde49c,6,NPA0220,0.027526
609379536df3425437dde49c,7,NPA0355,0.027425
609379536df3425437dde49c,8,NPA0272,0.025562
609379536df3425437dde49c,9,NPA0216,0.024909
609379536df3425437dde49c,10,NPA0310,0.024644
60940ad76df342543717e0e2,1,NPA0288,0.031746
60940ad76df342543717e0e2,2,NPA0183,0.030536
60940ad76df342543717e0e2,3,NPA0309,0.030092
60940ad76df342543717e0e2,4,NPA0253,0.029911
60940ad76df342543717e0e2,5,NPA0214,0.029211
60940ad76df342543717e0e2,6,NPA0429,0.029116
60940ad76df342543717e0e2,7,NPA0199,0.028405
60940ad76df342543717e0e2,8,NPA0555,0.028382
60940ad76df342543717e0e2,9,NPA0363,0.027120
60940ad76df342543717e0e2,10,NPA0202,0.023976
609345826df34254373c1e38,1,NPA0241,0.032266
609345826df34254373c1e38,2,NPA0304,0.031754
609345826df34254373c1e38,3,NPA0210,0.030415
609345826df34254373c1e38,4,NPA0557,0.026736
609345826df34254373c1e38,5,NPA0248,0.026398
609345826df34254373c1e38,6,NPA0103,0.025098
609345826df34254373c1e38,7,NPA0242,0.025053
609345826df34254373c1e38,8,NPA0109,0.024394
609345826df34254373c1e38,9,NPA0096,0.024315
609345826df34254373c1e38,10,NPA0359,0.024093
60913d286df3425437424115,1,NPA0395,0.031754
60913d286df3425437424115,2,NPA0429,0.031099
60913d286df3425437424115,3,NPA0352,0.031010
60913d286df3425437424115,4,NPA0084,0.030366
60913d286df3425437424115,5,NPA0150,0.029387
60913d286df3425437424115,6,NPA0043,0.026905
60913d286df3425437424115,7,NPA0404,0.025000
60913d286df3425437424115,8,NPA0349,0.024642
60913d286df3425437424115,9,NPA0118,0.023847
60913d286df3425437424115,10,NPA0205,0.021437
60936ca56df342543794f1af,1,NPA0454,0.030282
60936ca56df342543794f1af,2,NPA0557,0.029380
60936ca56df342543794f1af,3,NPA0482,0.029116
60936ca56df342543794f1af,4,NPA0067,0.027810
60936ca56df342543794f1af,5,NPA0136,0.027651
60936ca56df342543794f1af,6,NPA0191,0.026847
60936ca56df342543794f1af,7,NPA0444,0.025911
60936ca56df342543794f1af,8,NPA0492,0.025000
60936ca56df342543794f1af,9,NPA0527,0.024411
60936ca56df342543794f1af,10,NPA0358,0.024394
609180ae6df3425437c695be,1,NPA0469,0.028373
609180ae6df3425437c695be,2,NPA0490,0.027971
609180ae6df3425437c695be,3,NPA0283,0.027651
609180ae6df3425437c695be,4,NPA0471,0.027200
609180ae6df3425437c695be,5,NPA0320,0.026847
609180ae6df3425437c695be,6,NPA0374,0.026044
609180ae6df3425437c695be,7,NPA0179,0.025089
609180ae6df3425437c695be,8,NPA0515,0.024522
609180ae6df3425437c695be,9,NPA0072,0.023608
609180ae6df3425437c695be,10,NPA0253,0.023592
6093238f6df3425437bf7106,1,NPA0491,0.031250
6093238f6df3425437bf7106,2,NPA0080,0.027888
6093238f6df3425437bf7106,3,NPA0171,0.027505
6093238f6df3425437bf7106,4,NPA0377,0.027237
6093238f6df3425437bf7106,5,NPA0509,0.026690
6093238f6df3425437bf7106,6,NPA0485,0.026611
6093238f6df3425437bf7106,7,NPA0288,0.026280
6093238f6df3425437bf7106,8,NPA0453,0.024676
6093238f6df3425437bf7106,9,NPA0297,0.024497
6093238f6df3425437bf7106,10,NPA0208,0.024394
6091d67e6df3425437b37a60,1,NPA0219,0.032522
6091d67e6df3425437b37a60,2,NPA0438,0.028439
6091d67e6df3425437b37a60,3,NPA0191,0.028373
6091d67e6df3425437b37a60,4,NPA0329,0.027972
6091d67e6df3425437b37a60,5,NPA0125,0.026861
6091d67e6df3425437b37a60,6,NPA0411,0.026748
6091d67e6df3425437b37a60,7,NPA0339,0.025833
6091d67e6df3425437b37a60,8,NPA0346,0.024752
6091d67e6df3425437b37a60,9,NPA0209,0.024394
6091d67e6df3425437b37a60,10,NPA0147,0.023438
60920c886df34254372c41f5,1,NPA0213,0.027588
60920c886df34254372c41f5,2,NPA0159,0.027584
60920c886df34254372c41f5,3,NPA0529,0.027212
60920c886df34254372c41f5,4,NPA0447,0.026847
60920c886df34254372c41f5,5,NPA0546,0.026611
60920c886df34254372c41f5,6,NPA0092,0.025780
60920c886df34254372c41f5,7,NPA0361,0.025448
60920c886df34254372c41f5,8,NPA0302,0.025074
60920c886df34254372c41f5,9,NPA0031,0.024206
60920c886df34254372c41f5,10,NPA0144,0.023822
6093ccba6df342543758a373,1,NPA0304,0.032002
6093ccba6df342543758a373,2,NPA0210,0.031319
6093ccba6df342543758a373,3,NPA0456,0.029324
6093ccba6df342543758a373,4,NPA0539,0.028790
6093ccba6df342543758a373,5,NPA0393,0.028595
6093ccba6df342543758a373,6,NPA0277,0.027584
6093ccba6df342543758a373,7,NPA0522,0.027118
6093ccba6df342543758a373,8,NPA0245,0.025487
6093ccba6df342543758a373,9,NPA0040,0.025362
6093ccba6df342543758a373,10,NPA0241,0.025243
6091d4ec6df34254379b5ef5,1,NPA0222,0.031514
6091d4ec6df34254379b5ef5,2,NPA0209,0.031319
6091d4ec6df34254379b5ef5,3,NPA0429,0.031099
6091d4ec6df34254379b5ef5,4,NPA0054,0.029762
6091d4ec6df34254379b5ef5,5,NPA0428,0.029139
6091d4ec6df34254379b5ef5,6,NPA0113,0.025989
6091d4ec6df34254379b5ef5,7,NPA0032,0.025914
6091d4ec6df34254379b5ef5,8,NPA0117,0.023113
6091d4ec6df34254379b5ef5,9,NPA0378,0.022903
6091d4ec6df34254379b5ef5,10,NPA0147,0.021904
6093bbad6df3425437c553ae,1,NPA0309,0.031545
6093bbad6df3425437c553ae,2,NPA0429,0.028446
6093bbad6df3425437c553ae,3,NPA0253,0.027433
6093bbad6df3425437c553ae,4,NPA0398,0.026626
6093bbad6df3425437c553ae,5,NPA0121,0.025726
6093bbad6df3425437c553ae,6,NPA0231,0.025004
6093bbad6df3425437c553ae,7,NPA0378,0.024910
6093bbad6df3425437c553ae,8,NPA0153,0.023171
6093bbad6df3425437c553ae,9,NPA0186,0.022592
6093bbad6df3425437c553ae,10,NPA0387,0.021650
609261be6df342543774abf7,1,NPA0429,0.032522
609261be6df342543774abf7,2,NPA0309,0.032522
609261be6df342543774abf7,3,NPA0374,0.030777
609261be6df342543774abf7,4,NPA0342,0.029877
609261be6df342543774abf7,5,NPA0404,0.028624
609261be6df342543774abf7,6,NPA0121,0.028068
609261be6df342543774abf7,7,NPA0304,0.027973
609261be6df342543774abf7,8,NPA0113,0.027242
609261be6df342543774abf7,9,NPA0032,0.027052
609261be6df342543774abf7,10,NPA0521,0.025679
609423a96df34254378ffc16,1,NPA0469,0.032266
609423a96df34254378ffc16,2,NPA0490,0.031754
609423a96df34254378ffc16,3,NPA0272,0.028191
609423a96df34254378ffc16,4,NPA0093,0.028068
609423a96df34254378ffc16,5,NPA0339,0.027894
609423a96df34254378ffc16,6,NPA0273,0.027673
609423a96df34254378ffc16,7,NPA0006,0.026688
609423a96df34254378ffc16,8,NPA0320,0.026646
609423a96df34254378ffc16,9,NPA0283,0.026070
609423a96df34254378ffc16,10,NPA0234,0.025385
60925aff6df34254374b3388,1,NPA0353,0.032266
60925aff6df34254374b3388,2,NPA0159,0.032018
60925aff6df34254374b3388,3,NPA0546,0.032002
60925aff6df34254374b3388,4,NPA0548,0.030550
60925aff6df34254374b3388,5,NPA0310,0.029040
60925aff6df34254374b3388,6,NPA0312,0.028898
60925aff6df34254374b3388,7,NPA0279,0.027480
60925aff6df34254374b3388,8,NPA0174,0.027444
60925aff6df34254374b3388,9,NPA0290,0.027418
60925aff6df34254374b3388,10,NPA0393,0.027222
6091ac066df3425437b7c927,1,NPA0417,0.028324
6091ac066df3425437b7c927,2,NPA0296,0.027588
6091ac066df3425437b7c927,3,NPA0171,0.027032
6091ac066df3425437b7c927,4,NPA0479,0.026984
6091ac066df3425437b7c927,5,NPA0402,0.026879
6091ac066df3425437b7c927,6,NPA0363,0.026779
6091ac066df3425437b7c927,7,NPA0450,0.026154
6091ac066df3425437b7c927,8,NPA0385,0.025504
6091ac066df3425437b7c927,9,NPA0001,0.024548
6091ac066df3425437b7c927,10,NPA0459,0.024100
609191456df3425437b5faf0,1,NPA0101,0.029116
609191456df3425437b5faf0,2,NPA0560,0.027638
609191456df3425437b5faf0,3,NPA0050,0.027418
609191456df3425437b5faf0,4,NPA0538,0.027347
609191456df3425437b5faf0,5,NPA0099,0.026857
609191456df3425437b5faf0,6,NPA0499,0.026496
609191456df3425437b5faf0,7,NPA0432,0.025526
609191456df3425437b5faf0,8,NPA0359,0.024846
609191456df3425437b5faf0,9,NPA0222,0.024702
609191456df3425437b5faf0,10,NPA0358,0.024548
609392cc6df34254375d68e4,1,NPA0196,0.030679
609392cc6df34254375d68e4,2,NPA0393,0.030550
609392cc6df34254375d68e4,3,NPA0098,0.028992
609392cc6df34254375d68e4,4,NPA0556,0.026847
609392cc6df34254375d68e4,5,NPA0284,0.026145
609392cc6df34254375d68e4,6,NPA0086,0.023482
609392cc6df34254375d68e4,7,NPA0359,0.023185
609392cc6df34254375d68e4,8,NPA0099,0.023025
609392cc6df34254375d68e4,9,NPA0243,0.022722
609392cc6df34254375d68e4,10,NPA0162,0.022006
60936c156df342543776741d,1,NPA0037,0.031754
60936c156df342543776741d,2,NPA0001,0.030679
60936c156df342543776741d,3,NPA0171,0.029380
60936c156df342543776741d,4,NPA0511,0.028219
60936c156df342543776741d,5,NPA0266,0.027651
60936c156df342543776741d,6,NPA0402,0.027623
60936c156df342543776741d,7,NPA0321,0.026515
60936c156df342543776741d,8,NPA0382,0.025397
60936c156df342543776741d,9,NPA0459,0.025093
60936c156df342543776741d,10,NPA0432,0.023859
609414d06df34254378dc735,1,NPA0118,0.032018
609414d06df34254378dc735,2,NPA0023,0.029236
609414d06df34254378dc735,3,NPA0084,0.028191
609414d06df34254378dc735,4,NPA0148,0.027056
609414d06df34254378dc735,5,NPA0543,0.026690
609414d06df34254378dc735,6,NPA0246,0.026280
609414d06df34254378dc735,7,NPA0475,0.025942
609414d06df34254378dc735,8,NPA0276,0.025816
609414d06df34254378dc735,9,NPA0068,0.025562
609414d06df34254378dc735,10,NPA0197,0.025383
609158516df34254375bcca7,1,NPA0054,0.032018
609158516df34254375bcca7,2,NPA0513,0.030310
609158516df34254375bcca7,3,NPA0107,0.028958
609158516df34254375bcca7,4,NPA0032,0.027237
609158516df34254375bcca7,5,NPA0559,0.026847
609158516df34254375bcca7,6,NPA0162,0.026703
609158516df34254375bcca7,7,NPA0561,0.025816
609158516df34254375bcca7,8,NPA0270,0.024056
609158516df34254375bcca7,9,NPA0366,0.023976
609158516df34254375bcca7,10,NPA0318,0.023715
6093e3f36df3425437f25b6d,1,NPA0083,0.030282
6093e3f36df3425437f25b6d,2,NPA0007,0.029958
6093e3f36df3425437f25b6d,3,NPA0481,0.029911
6093e3f36df3425437f25b6d,4,NPA0562,0.029083
6093e3f36df3425437f25b6d,5,NPA0295,0.028778
6093e3f36df3425437f25b6d,6,NPA0231,0.028177
6093e3f36df3425437f25b6d,7,NPA0397,0.026857
6093e3f36df3425437f25b6d,8,NPA0130,0.026621
6093e3f36df3425437f25b6d,9,NPA0399,0.026389
6093e3f36df3425437f25b6d,10,NPA0444,0.026141
60915fc86df34254378ac1a1,1,NPA0559,0.032522
60915fc86df34254378ac1a1,2,NPA0522,0.028039
60915fc86df34254378ac1a1,3,NPA0554,0.026999
60915fc86df34254378ac1a1,4,NPA0334,0.023903
60915fc86df34254378ac1a1,5,NPA0539,0.023533
60915fc86df34254378ac1a1,6,NPA0071,0.022452
60915fc86df34254378ac1a1,7,NPA0234,0.019237
60915fc86df34254378ac1a1,8,NPA0056,0.019013
60915fc86df34254378ac1a1,9,NPA0326,0.018849
60915fc86df34254378ac1a1,10,NPA0320,0.018613
609128356df34254379cabf0,1,NPA0037,0.030536
609128356df34254379cabf0,2,NPA0562,0.029670
609128356df34254379cabf0,3,NPA0401,0.029387
609128356df34254379cabf0,4,NPA0231,0.027826
609128356df34254379cabf0,5,NPA0083,0.027588
609128356df34254379cabf0,6,NPA0297,0.026901
609128356df34254379cabf0,7,NPA0226,0.026235
609128356df34254379cabf0,8,NPA0020,0.026190
609128356df34254379cabf0,9,NPA0558,0.026133
609128356df34254379cabf0,10,NPA0397,0.024152
6093880d6df3425437c373d9,1,NPA0093,0.032787
6093880d6df3425437c373d9,2,NPA0273,0.032258
6093880d6df3425437c373d9,3,NPA0469,0.030310
6093880d6df3425437c373d9,4,NPA0490,0.029857
6093880d6df3425437c373d9,5,NPA0218,0.029762
6093880d6df3425437c373d9,6,NPA0548,0.029670
6093880d6df3425437c373d9,7,NPA0547,0.028958
6093880d6df3425437c373d9,8,NPA0531,0.028531
6093880d6df3425437c373d9,9,NPA0272,0.028191
6093880d6df3425437c373d9,10,NPA0320,0.027390
6092258e6df3425437fe9d23,1,NPA0040,0.029418
6092258e6df3425437fe9d23,2,NPA0001,0.029206
6092258e6df3425437fe9d23,3,NPA0227,0.028034
6092258e6df3425437fe9d23,4,NPA0141,0.027864
6092258e6df3425437fe9d23,5,NPA0293,0.026989
6092258e6df3425437fe9d23,6,NPA0091,0.025240
6092258e6df3425437fe9d23,7,NPA0266,0.024860
6092258e6df3425437fe9d23,8,NPA0479,0.024611
6092258e6df3425437fe9d23,9,NPA0218,0.024315
6092258e6df3425437fe9d23,10,NPA0030,0.024128
6091da356df3425437e4432e,1,NPA0359,0.032522
6091da356df3425437e4432e,2,NPA0099,0.032266
6091da356df3425437e4432e,3,NPA0284,0.032002
6091da356df3425437e4432e,4,NPA0480,0.030777
6091da356df3425437e4432e,5,NPA0437,0.028778
6091da356df3425437e4432e,6,NPA0396,0.027120
6091da356df3425437e4432e,7,NPA0363,0.025808
6091da356df3425437e4432e,8,NPA0360,0.024749
6091da356df3425437e4432e,9,NPA0463,0.024695
6091da356df3425437e4432e,10,NPA0389,0.024415
609128506df34254379dd5fb,1,NPA0093,0.032522
609128506df34254379dd5fb,2,NPA0273,0.032522
609128506df34254379dd5fb,3,NPA0469,0.031025
609128506df34254379dd5fb,4,NPA0446,0.030798
609128506df34254379dd5fb,5,NPA0490,0.030550
609128506df34254379dd5fb,6,NPA0548,0.030536
609128506df34254379dd5fb,7,NPA0388,0.029514
609128506df34254379dd5fb,8,NPA0320,0.028577
609128506df34254379dd5fb,9,NPA0283,0.028175
609128506df34254379dd5fb,10,NPA0272,0.027730
60937e746df34254373991a3,1,NPA0007,0.030159
60937e746df34254373991a3,2,NPA0481,0.029710
60937e746df34254373991a3,3,NPA0083,0.029551
60937e746df34254373991a3,4,NPA0295,0.029469
60937e746df34254373991a3,5,NPA0399,0.028382
60937e746df34254373991a3,6,NPA0444,0.027746
60937e746df34254373991a3,7,NPA0130,0.027530
60937e746df34254373991a3,8,NPA0478,0.027347
60937e746df34254373991a3,9,NPA0397,0.026199
60937e746df34254373991a3,10,NPA0231,0.026129
6093ee6b6df342543745fa4f,1,NPA0551,0.028783
6093ee6b6df342543745fa4f,2,NPA0191,0.026030
6093ee6b6df342543745fa4f,3,NPA0530,0.023775
6093ee6b6df342543745fa4f,4,NPA0231,0.022752
6093ee6b6df342543745fa4f,5,NPA0419,0.021792
6093ee6b6df342543745fa4f,6,NPA0008,0.021792
6093ee6b6df342543745fa4f,7,NPA0544,0.021749
6093ee6b6df342543745fa4f,8,NPA0349,0.020692
6093ee6b6df342543745fa4f,9,NPA0560,0.020501
6093ee6b6df342543745fa4f,10,NPA0361,0.019623
609155016df342543733a082,1,NPA0156,0.027289
609155016df342543733a082,2,NPA0009,0.025344
609155016df342543733a082,3,NPA0508,0.024313
609155016df342543733a082,4,NPA0483,0.023901
609155016df342543733a082,5,NPA0212,0.023584
609155016df342543733a082,6,NPA0121,0.023416
609155016df342543733a082,7,NPA0479,0.023152
609155016df342543733a082,8,NPA0191,0.023032
609155016df342543733a082,9,NPA0557,0.022550
609155016df342543733a082,10,NPA0234,0.021674
6093196f6df3425437acfd9c,1,NPA0549,0.032266
6093196f6df3425437acfd9c,2,NPA0024,0.029643
6093196f6df3425437acfd9c,3,NPA0137,0.028205
6093196f6df3425437acfd9c,4,NPA0216,0.027072
6093196f6df3425437acfd9c,5,NPA0134,0.025522
6093196f6df3425437acfd9c,6,NPA0090,0.025307
6093196f6df3425437acfd9c,7,NPA0393,0.024634
6093196f6df3425437acfd9c,8,NPA0065,0.024503
6093196f6df3425437acfd9c,9,NPA0185,0.024108
6093196f6df3425437acfd9c,10,NPA0320,0.023472
609321366df3425437394844,1,NPA0034,0.031778
609321366df3425437394844,2,NPA0004,0.031010
609321366df3425437394844,3,NPA0489,0.030622
609321366df3425437394844,4,NPA0232,0.029287
609321366df3425437394844,5,NPA0135,0.029214
609321366df3425437394844,6,NPA0178,0.029206
609321366df3425437394844,7,NPA0490,0.029206
609321366df3425437394844,8,NPA0469,0.029139
609321366df3425437394844,9,NPA0267,0.027347
609321366df3425437394844,10,NPA0193,0.027106
609315e26df3425437ce9db2,1,NPA0356,0.029958
609315e26df3425437ce9db2,2,NPA0243,0.029877
609315e26df3425437ce9db2,3,NPA0527,0.028405
609315e26df3425437ce9db2,4,NPA0141,0.027757
609315e26df3425437ce9db2,5,NPA0515,0.027530
609315e26df3425437ce9db2,6,NPA0060,0.026501
609315e26df3425437ce9db2,7,NPA0439,0.026471
609315e26df3425437ce9db2,8,NPA0227,0.025488
609315e26df3425437ce9db2,9,NPA0507,0.023923
609315e26df3425437ce9db2,10,NPA0407,0.023400
6093324f6df34254372a382c,1,NPA0266,0.031545
6093324f6df34254372a382c,2,NPA0456,0.028986
6093324f6df34254372a382c,3,NPA0093,0.028950
6093324f6df34254372a382c,4,NPA0273,0.028860
6093324f6df34254372a382c,5,NPA0199,0.026546
6093324f6df34254372a382c,6,NPA0202,0.025625
6093324f6df34254372a382c,7,NPA0490,0.025098
6093324f6df34254372a382c,8,NPA0469,0.024786
6093324f6df34254372a382c,9,NPA0548,0.023901
6093324f6df34254372a382c,10,NPA0243,0.022864
609410416df34254375035df,1,NPA0553,0.032787
609410416df34254375035df,2,NPA0556,0.031514
609410416df34254375035df,3,NPA0548,0.031250
609410416df34254375035df,4,NPA0093,0.030835
609410416df34254375035df,5,NPA0273,0.030798
609410416df34254375035df,6,NPA0117,0.029437
609410416df34254375035df,7,NPA0202,0.028850
609410416df34254375035df,8,NPA0443,0.028531
609410416df34254375035df,9,NPA0001,0.028083
609410416df34254375035df,10,NPA0272,0.028039
6092363a6df342543776166d,1,NPA0064,0.032266
6092363a6df342543776166d,2,NPA0234,0.030769
6092363a6df342543776166d,3,NPA0527,0.029911
6092363a6df342543776166d,4,NPA0180,0.029907
6092363a6df342543776166d,5,NPA0015,0.029116
6092363a6df342543776166d,6,NPA0313,0.028958
6092363a6df342543776166d,7,NPA0392,0.028309
6092363a6df342543776166d,8,NPA0243,0.027347
6092363a6df342543776166d,9,NPA0188,0.025709
6092363a6df342543776166d,10,NPA0001,0.025448
60920ca26df34254372cbf48,1,NPA0557,0.032787
60920ca26df34254372cbf48,2,NPA0395,0.030835
60920ca26df34254372cbf48,3,NPA0150,0.030366
60920ca26df34254372cbf48,4,NPA0308,0.029462
60920ca26df34254372cbf48,5,NPA0084,0.028783
60920ca26df34254372cbf48,6,NPA0549,0.028309
60920ca26df34254372cbf48,7,NPA0118,0.025579
60920ca26df34254372cbf48,8,NPA0458,0.025333
60920ca26df34254372cbf48,9,NPA0045,0.023504
60920ca26df34254372cbf48,10,NPA0232,0.023430
6093059d6df34254373f3c13,1,NPA0309,0.032266
6093059d6df34254373f3c13,2,NPA0253,0.031025
6093059d6df34254373f3c13,3,NPA0288,0.028125
6093059d6df34254373f3c13,4,NPA0199,0.027526
6093059d6df34254373f3c13,5,NPA0202,0.023649
6093059d6df34254373f3c13,6,NPA0279,0.023037
6093059d6df34254373f3c13,7,NPA0404,0.022670
6093059d6df34254373f3c13,8,NPA0398,0.021779
6093059d6df34254373f3c13,9,NPA0231,0.021705
6093059d6df34254373f3c13,10,NPA0363,0.021072
609388916df3425437cc0673,1,NPA0407,0.031754
609388916df3425437cc0673,2,NPA0208,0.031025
609388916df3425437cc0673,3,NPA0170,0.030077
609388916df3425437cc0673,4,NPA0155,0.028259
609388916df3425437cc0673,5,NPA0394,0.026944
609388916df3425437cc0673,6,NPA0161,0.026199
609388916df3425437cc0673,7,NPA0113,0.024658
609388916df3425437cc0673,8,NPA0060,0.024351
609388916df3425437cc0673,9,NPA0455,0.023990
609388916df3425437cc0673,10,NPA0245,0.023859
60913da26df342543748ee53,1,NPA0339,0.029907
60913da26df342543748ee53,2,NPA0210,0.028577
60913da26df342543748ee53,3,NPA0310,0.026398
60913da26df342543748ee53,4,NPA0156,0.026374
60913da26df342543748ee53,5,NPA0304,0.024645
60913da26df342543748ee53,6,NPA0365,0.024420
60913da26df342543748ee53,7,NPA0355,0.024096
60913da26df342543748ee53,8,NPA0480,0.024080
60913da26df342543748ee53,9,NPA0241,0.024066
60913da26df342543748ee53,10,NPA0242,0.023518
6091e22a6df34254374e83f6,1,NPA0560,0.032522
6091e22a6df34254374e83f6,2,NPA0508,0.032522
6091e22a6df34254374e83f6,3,NPA0334,0.030769
6091e22a6df34254374e83f6,4,NPA0226,0.029437
6091e22a6df34254374e83f6,5,NPA0011,0.029387
6091e22a6df34254374e83f6,6,NPA0435,0.029324
6091e22a6df34254374e83f6,7,NPA0031,0.026688
6091e22a6df34254374e83f6,8,NPA0491,0.026151
6091e22a6df34254374e83f6,9,NPA0186,0.024490
6091e22a6df34254374e83f6,10,NPA0086,0.023840
60940e946df34254373e64f7,1,NPA0010,0.031754
60940e946df34254373e64f7,2,NPA0375,0.029551
60940e946df34254373e64f7,3,NPA0404,0.027638
60940e946df34254373e64f7,4,NPA0042,0.023994
60940e946df34254373e64f7,5,NPA0072,0.023859
60940e946df34254373e64f7,6,NPA0529,0.023810
60940e946df34254373e64f7,7,NPA0165,0.023306
60940e946df34254373e64f7,8,NPA0253,0.023137
60940e946df34254373e64f7,9,NPA0207,0.022344
60940e946df34254373e64f7,10,NPA0515,0.021339
6093ee6b6df342543745fa53,1,NPA0361,0.030798
6093ee6b6df342543745fa53,2,NPA0092,0.030777
6093ee6b6df342543745fa53,3,NPA0456,0.026121
6093ee6b6df342543745fa53,4,NPA0387,0.021757
6093ee6b6df342543745fa53,5,NPA0426,0.021728
6093ee6b6df342543745fa53,6,NPA0065,0.021705
6093ee6b6df342543745fa53,7,NPA0525,0.021555
6093ee6b6df342543745fa53,8,NPA0191,0.021279
6093ee6b6df342543745fa53,9,NPA0289,0.020923
6093ee6b6df342543745fa53,10,NPA0261,0.020833
6091ec856df3425437ca8b28,1,NPA0297,0.032018
6091ec856df3425437ca8b28,2,NPA0037,0.031778
6091ec856df3425437ca8b28,3,NPA0522,0.028665
6091ec856df3425437ca8b28,4,NPA0432,0.028068
6091ec856df3425437ca8b28,5,NPA0558,0.027984
6091ec856df3425437ca8b28,6,NPA0205,0.025747
6091ec856df3425437ca8b28,7,NPA0171,0.023763
6091ec856df3425437ca8b28,8,NPA0383,0.023402
6091ec856df3425437ca8b28,9,NPA0401,0.023393
6091ec856df3425437ca8b28,10,NPA0189,0.022436
6093c0be6df3425437fd5a7c,1,NPA0122,0.028595
6093c0be6df3425437fd5a7c,2,NPA0515,0.025278
6093c0be6df3425437fd5a7c,3,NPA0337,0.024590
6093c0be6df3425437fd5a7c,4,NPA0006,0.023821
6093c0be6df3425437fd5a7c,5,NPA0534,0.022100
6093c0be6df3425437fd5a7c,6,NPA0038,0.022007
6093c0be6df3425437fd5a7c,7,NPA0017,0.021818
6093c0be6df3425437fd5a7c,8,NPA0110,0.021705
6093c0be6df3425437fd5a7c,9,NPA0484,0.021205
6093c0be6df3425437fd5a7c,10,NPA0008,0.021139
609390036df342543739a2d3,1,NPA0469,0.030366
609390036df342543739a2d3,2,NPA0490,0.030331
609390036df342543739a2d3,3,NPA0253,0.028814
609390036df342543739a2d3,4,NPA0320,0.027638
609390036df342543739a2d3,5,NPA0471,0.027530
609390036df342543739a2d3,6,NPA0283,0.026748
609390036df342543739a2d3,7,NPA0156,0.026671
609390036df342543739a2d3,8,NPA0528,0.026044
609390036df342543739a2d3,9,NPA0272,0.024590
609390036df342543739a2d3,10,NPA0530,0.023864
6094193b6df3425437e03004,1,NPA0222,0.030092
6094193b6df3425437e03004,2,NPA0396,0.028787
6094193b6df3425437e03004,3,NPA0480,0.028006
6094193b6df3425437e03004,4,NPA0099,0.027364
6094193b6df3425437e03004,5,NPA0284,0.025712
6094193b6df3425437e03004,6,NPA0359,0.023889
6094193b6df3425437e03004,7,NPA0101,0.023449
6094193b6df3425437e03004,8,NPA0229,0.022989
6094193b6df3425437e03004,9,NPA0377,0.022817
6094193b6df3425437e03004,10,NPA0084,0.022344
609268056df3425437a00486,1,NPA0454,0.029040
609268056df3425437a00486,2,NPA0395,0.028624
609268056df3425437a00486,3,NPA0441,0.027240
609268056df3425437a00486,4,NPA0514,0.025849
609268056df3425437a00486,5,NPA0297,0.023889
609268056df3425437a00486,6,NPA0444,0.023847
609268056df3425437a00486,7,NPA0295,0.023284
609268056df3425437a00486,8,NPA0308,0.023253
609268056df3425437a00486,9,NPA0557,0.022886
609268056df3425437a00486,10,NPA0452,0.022617
6091dfab6df3425437305761,1,NPA0445,0.031054
6091dfab6df3425437305761,2,NPA0227,0.030777
6091dfab6df3425437305761,3,NPA0328,0.029274
6091dfab6df3425437305761,4,NPA0373,0.027651
6091dfab6df3425437305761,5,NPA0018,0.027651
6091dfab6df3425437305761,6,NPA0368,0.027580
6091dfab6df3425437305761,7,NPA0046,0.027271
6091dfab6df3425437305761,8,NPA0385,0.026430
6091dfab6df3425437305761,9,NPA0096,0.026141
6091dfab6df3425437305761,10,NPA0016,0.025873
609378556df3425437cd495a,1,NPA0222,0.031754
609378556df3425437cd495a,2,NPA0370,0.030798
609378556df3425437cd495a,3,NPA0054,0.027273
609378556df3425437cd495a,4,NPA0406,0.026151
609378556df3425437cd495a,5,NPA0032,0.025838
609378556df3425437cd495a,6,NPA0207,0.024909
609378556df3425437cd495a,7,NPA0418,0.024607
609378556df3425437cd495a,8,NPA0197,0.024590
609378556df3425437cd495a,9,NPA0281,0.024476
609378556df3425437cd495a,10,NPA0428,0.023775
6093bf996df3425437f3f01c,1,NPA0222,0.031281
6093bf996df3425437f3f01c,2,NPA0370,0.030310
6093bf996df3425437f3f01c,3,NPA0054,0.027072
6093bf996df3425437f3f01c,4,NPA0406,0.026151
6093bf996df3425437f3f01c,5,NPA0032,0.025582
6093bf996df3425437f3f01c,6,NPA0207,0.024909
6093bf996df3425437f3f01c,7,NPA0197,0.024727
6093bf996df3425437f3f01c,8,NPA0281,0.024559
6093bf996df3425437f3f01c,9,NPA0428,0.024475
6093bf996df3425437f3f01c,10,NPA0418,0.024394
609359f06df3425437e5254d,1,NPA0241,0.032522
609359f06df3425437e5254d,2,NPA0210,0.032018
609359f06df3425437e5254d,3,NPA0415,0.030835
609359f06df3425437e5254d,4,NPA0304,0.029958
609359f06df3425437e5254d,5,NPA0256,0.029644
609359f06df3425437e5254d,6,NPA0462,0.027480
609359f06df3425437e5254d,7,NPA0228,0.027013
609359f06df3425437e5254d,8,NPA0393,0.026070
609359f06df3425437e5254d,9,NPA0136,0.025047
609359f06df3425437e5254d,10,NPA0080,0.023001
60932e596df34254374aebaa,1,NPA0553,0.032787
60932e596df34254374aebaa,2,NPA0548,0.031250
60932e596df34254374aebaa,3,NPA0556,0.031054
60932e596df34254374aebaa,4,NPA0446,0.030769
60932e596df34254374aebaa,5,NPA0273,0.030214
60932e596df34254374aebaa,6,NPA0093,0.029762
60932e596df34254374aebaa,7,NPA0490,0.029631
60932e596df34254374aebaa,8,NPA0443,0.029572
60932e596df34254374aebaa,9,NPA0469,0.029199
60932e596df34254374aebaa,10,NPA0202,0.026688
6093a8586df3425437a07c4b,1,NPA0553,0.032787
6093a8586df3425437a07c4b,2,NPA0556,0.031281
6093a8586df3425437a07c4b,3,NPA0446,0.030310
6093a8586df3425437a07c4b,4,NPA0273,0.030018
6093a8586df3425437a07c4b,5,NPA0093,0.029958
6093a8586df3425437a07c4b,6,NPA0548,0.029644
6093a8586df3425437a07c4b,7,NPA0443,0.029572
6093a8586df3425437a07c4b,8,NPA0117,0.029418
6093a8586df3425437a07c4b,9,NPA0202,0.026070
6093a8586df3425437a07c4b,10,NPA0550,0.025429
6093b12b6df342543735cdf7,1,NPA0045,0.032522
6093b12b6df342543735cdf7,2,NPA0191,0.029670
6093b12b6df342543735cdf7,3,NPA0302,0.026009
6093b12b6df342543735cdf7,4,NPA0317,0.024326
6093b12b6df342543735cdf7,5,NPA0426,0.023584
6093b12b6df342543735cdf7,6,NPA0525,0.023460
6093b12b6df342543735cdf7,7,NPA0345,0.022209
6093b12b6df342543735cdf7,8,NPA0092,0.022048
6093b12b6df342543735cdf7,9,NPA0361,0.021775
6093b12b6df342543735cdf7,10,NPA0502,0.021698
6091884e6df34254373e6a51,1,NPA0315,0.031514
6091884e6df34254373e6a51,2,NPA0066,0.030798
6091884e6df34254373e6a51,3,NPA0202,0.029040
6091884e6df34254373e6a51,4,NPA0524,0.026989
6091884e6df34254373e6a51,5,NPA0076,0.026141
6091884e6df34254373e6a51,6,NPA0014,0.025579
6091884e6df34254373e6a51,7,NPA0239,0.024826
6091884e6df34254373e6a51,8,NPA0552,0.024393
6091884e6df34254373e6a51,9,NPA0038,0.021811
6091884e6df34254373e6a51,10,NPA0083,0.021605
6091c80b6df3425437e2fd5b,1,NPA0093,0.032787
6091c80b6df3425437e2fd5b,2,NPA0273,0.032258
6091c80b6df3425437e2fd5b,3,NPA0416,0.030579
6091c80b6df3425437e2fd5b,4,NPA0013,0.029911
6091c80b6df3425437e2fd5b,5,NPA0253,0.029877
6091c80b6df3425437e2fd5b,6,NPA0322,0.028205
6091c80b6df3425437e2fd5b,7,NPA0414,0.027072
6091c80b6df3425437e2fd5b,8,NPA0298,0.027047
6091c80b6df3425437e2fd5b,9,NPA0312,0.026671
6091c80b6df3425437e2fd5b,10,NPA0169,0.026357
609386c76df3425437aef5f4,1,NPA0233,0.030886
609386c76df3425437aef5f4,2,NPA0308,0.029462
609386c76df3425437aef5f4,3,NPA0446,0.029236
609386c76df3425437aef5f4,4,NPA0010,0.026614
609386c76df3425437aef5f4,5,NPA0087,0.026084
609386c76df3425437aef5f4,6,NPA0528,0.024697
609386c76df3425437aef5f4,7,NPA0393,0.024585
609386c76df3425437aef5f4,8,NPA0463,0.023930
609386c76df3425437aef5f4,9,NPA0267,0.023327
609386c76df3425437aef5f4,10,NPA0144,0.023042
609239c06df34254378cc895,1,NPA0544,0.031281
609239c06df34254378cc895,2,NPA0147,0.031099
609239c06df34254378cc895,3,NPA0289,0.029911
609239c06df34254378cc895,4,NPA0261,0.029469
609239c06df34254378cc895,5,NPA0551,0.028694
609239c06df34254378cc895,6,NPA0076,0.026044
609239c06df34254378cc895,7,NPA0315,0.025816
609239c06df34254378cc895,8,NPA0066,0.025158
609239c06df34254378cc895,9,NPA0524,0.024315
609239c06df34254378cc895,10,NPA0432,0.022349
609228646df3425437120af2,1,NPA0562,0.031258
609228646df3425437120af2,2,NPA0401,0.028992
609228646df3425437120af2,3,NPA0037,0.028718
609228646df3425437120af2,4,NPA0481,0.028373
609228646df3425437120af2,5,NPA0007,0.028283
609228646df3425437120af2,6,NPA0083,0.028039
609228646df3425437120af2,7,NPA0297,0.027799
609228646df3425437120af2,8,NPA0398,0.027757
609228646df3425437120af2,9,NPA0020,0.027072
609228646df3425437120af2,10,NPA0231,0.026519
60956a1e6df342543742890c,1,NPA0429,0.032522
60956a1e6df342543742890c,2,NPA0416,0.030769
60956a1e6df342543742890c,3,NPA0309,0.029828
60956a1e6df342543742890c,4,NPA0054,0.029206
60956a1e6df342543742890c,5,NPA0253,0.028595
60956a1e6df342543742890c,6,NPA0443,0.027693
60956a1e6df342543742890c,7,NPA0360,0.027444
60956a1e6df342543742890c,8,NPA0444,0.026399
60956a1e6df342543742890c,9,NPA0202,0.026398
60956a1e6df342543742890c,10,NPA0488,0.026289
6092194d6df3425437a5b36e,1,NPA0549,0.030886
6092194d6df3425437a5b36e,2,NPA0134,0.029572
6092194d6df3425437a5b36e,3,NPA0065,0.029211
6092194d6df3425437a5b36e,4,NPA0482,0.028718
6092194d6df3425437a5b36e,5,NPA0492,0.027056
6092194d6df3425437a5b36e,6,NPA0053,0.026736
6092194d6df3425437a5b36e,7,NPA0136,0.026553
6092194d6df3425437a5b36e,8,NPA0101,0.025978
6092194d6df3425437a5b36e,9,NPA0067,0.025937
6092194d6df3425437a5b36e,10,NPA0486,0.025182
609203d36df3425437c84375,1,NPA0064,0.032018
609203d36df3425437c84375,2,NPA0527,0.031754
609203d36df3425437c84375,3,NPA0313,0.031319
609203d36df3425437c84375,4,NPA0243,0.031258
609203d36df3425437c84375,5,NPA0180,0.030579
609203d36df3425437c84375,6,NPA0015,0.029287
609203d36df3425437c84375,7,NPA0188,0.027313
609203d36df3425437c84375,8,NPA0234,0.027212
609203d36df3425437c84375,9,NPA0392,0.026553
609203d36df3425437c84375,10,NPA0151,0.025989
609345de6df34254374d5b5b,1,NPA0056,0.026280
609345de6df34254374d5b5b,2,NPA0503,0.026102
609345de6df34254374d5b5b,3,NPA0399,0.025678
609345de6df34254374d5b5b,4,NPA0023,0.025182
609345de6df34254374d5b5b,5,NPA0340,0.024462
609345de6df34254374d5b5b,6,NPA0474,0.024090
609345de6df34254374d5b5b,7,NPA0180,0.023965
609345de6df34254374d5b5b,8,NPA0483,0.023894
609345de6df34254374d5b5b,9,NPA0096,0.023625
609345de6df34254374d5b5b,10,NPA0257,0.023413
6094000d6df3425437eb2f07,1,NPA0446,0.030159
6094000d6df3425437eb2f07,2,NPA0490,0.029643
6094000d6df3425437eb2f07,3,NPA0469,0.029572
6094000d6df3425437eb2f07,4,NPA0183,0.029514
6094000d6df3425437eb2f07,5,NPA0553,0.029214
6094000d6df3425437eb2f07,6,NPA0062,0.029010
6094000d6df3425437eb2f07,7,NPA0437,0.028739
6094000d6df3425437eb2f07,8,NPA0272,0.028370
6094000d6df3425437eb2f07,9,NPA0535,0.026230
6094000d6df3425437eb2f07,10,NPA0172,0.025937
60916cf36df3425437e8e9a9,1,NPA0047,0.032522
60916cf36df3425437e8e9a9,2,NPA0181,0.028543
60916cf36df3425437e8e9a9,3,NPA0313,0.028283
60916cf36df3425437e8e9a9,4,NPA0405,0.026541
60916cf36df3425437e8e9a9,5,NPA0106,0.025849
60916cf36df3425437e8e9a9,6,NPA0382,0.025475
60916cf36df3425437e8e9a9,7,NPA0348,0.024510
60916cf36df3425437e8e9a9,8,NPA0147,0.024266
60916cf36df3425437e8e9a9,9,NPA0369,0.023864
60916cf36df3425437e8e9a9,10,NPA0201,0.023582
6091483f6df3425437beb8b6,1,NPA0210,0.030579
6091483f6df3425437beb8b6,2,NPA0310,0.028446
6091483f6df3425437beb8b6,3,NPA0339,0.027629
6091483f6df3425437beb8b6,4,NPA0304,0.026743
6091483f6df3425437beb8b6,5,NPA0216,0.026320
6091483f6df3425437beb8b6,6,NPA0355,0.026044
6091483f6df3425437beb8b6,7,NPA0242,0.025894
6091483f6df3425437beb8b6,8,NPA0062,0.025158
6091483f6df3425437beb8b6,9,NPA0156,0.025038
6091483f6df3425437beb8b6,10,NPA0490,0.024868
60917f256df3425437b9a81a,1,NPA0481,0.030579
60917f256df3425437b9a81a,2,NPA0007,0.030118
60917f256df3425437b9a81a,3,NPA0083,0.029551
60917f256df3425437b9a81a,4,NPA0231,0.029462
60917f256df3425437b9a81a,5,NPA0562,0.029083
60917f256df3425437b9a81a,6,NPA0397,0.027588
60917f256df3425437b9a81a,7,NPA0480,0.027273
60917f256df3425437b9a81a,8,NPA0074,0.027271
60917f256df3425437b9a81a,9,NPA0295,0.026944
60917f256df3425437b9a81a,10,NPA0142,0.026901
609144b76df34254379b38c0,1,NPA0304,0.029462
609144b76df34254379b38c0,2,NPA0156,0.028373
609144b76df34254379b38c0,3,NPA0469,0.026438
609144b76df34254379b38c0,4,NPA0310,0.026102
609144b76df34254379b38c0,5,NPA0490,0.026077
609144b76df34254379b38c0,6,NPA0480,0.025911
609144b76df34254379b38c0,7,NPA0253,0.025658
609144b76df34254379b38c0,8,NPA0277,0.024961
609144b76df34254379b38c0,9,NPA0210,0.024837
609144b76df34254379b38c0,10,NPA0099,0.024172
60919cea6df34254372cdd60,1,NPA0313,0.032002
60919cea6df34254372cdd60,2,NPA0180,0.030679
60919cea6df34254372cdd60,3,NPA0234,0.029631
60919cea6df34254372cdd60,4,NPA0064,0.028787
60919cea6df34254372cdd60,5,NPA0001,0.028446
60919cea6df34254372cdd60,6,NPA0188,0.028372
60919cea6df34254372cdd60,7,NPA0527,0.027826
60919cea6df34254372cdd60,8,NPA0392,0.026420
60919cea6df34254372cdd60,9,NPA0385,0.025526
60919cea6df34254372cdd60,10,NPA0243,0.025459
6091c6b66df3425437d30739,1,NPA0527,0.032522
6091c6b66df3425437d30739,2,NPA0243,0.032018
6091c6b66df3425437d30739,3,NPA0227,0.030579
6091c6b66df3425437d30739,4,NPA0141,0.030366
6091c6b66df3425437d30739,5,NPA0038,0.027072
6091c6b66df3425437d30739,6,NPA0096,0.026905
6091c6b66df3425437d30739,7,NPA0368,0.026736
6091c6b66df3425437d30739,8,NPA0373,0.026541
6091c6b66df3425437d30739,9,NPA0017,0.026519
6091c6b66df3425437d30739,10,NPA0515,0.026420
6091f5e16df34254373e94b1,1,NPA0288,0.032258
6091f5e16df34254373e94b1,2,NPA0150,0.031319
6091f5e16df34254373e94b1,3,NPA0308,0.028992
6091f5e16df34254373e94b1,4,NPA0395,0.027810
6091f5e16df34254373e94b1,5,NPA0118,0.027289
6091f5e16df34254373e94b1,6,NPA0457,0.027273
6091f5e16df34254373e94b1,7,NPA0202,0.026495
6091f5e16df34254373e94b1,8,NPA0041,0.024611
6091f5e16df34254373e94b1,9,NPA0338,0.024108
6091f5e16df34254373e94b1,10,NPA0183,0.023514
6093e2a76df3425437ea3140,1,NPA0344,0.032258
6093e2a76df3425437ea3140,2,NPA0274,0.031025
6093e2a76df3425437ea3140,3,NPA0551,0.030579
6093e2a76df3425437ea3140,4,NPA0147,0.030282
6093e2a76df3425437ea3140,5,NPA0374,0.030282
6093e2a76df3425437ea3140,6,NPA0241,0.030118
6093e2a76df3425437ea3140,7,NPA0248,0.029324
6093e2a76df3425437ea3140,8,NPA0113,0.026690
6093e2a76df3425437ea3140,9,NPA0109,0.026671
6093e2a76df3425437ea3140,10,NPA0521,0.026667
609360136df3425437c81478,1,NPA0037,0.032787
609360136df3425437c81478,2,NPA0297,0.030777
609360136df3425437c81478,3,NPA0508,0.030310
609360136df3425437c81478,4,NPA0558,0.029670
609360136df3425437c81478,5,NPA0020,0.029462
609360136df3425437c81478,6,NPA0052,0.029211
609360136df3425437c81478,7,NPA0050,0.028373
609360136df3425437c81478,8,NPA0011,0.028219
609360136df3425437c81478,9,NPA0506,0.027757
609360136df3425437c81478,10,NPA0097,0.025278
6091f19a6df342543710c3b3,1,NPA0309,0.032787
6091f19a6df342543710c3b3,2,NPA0288,0.031754
6091f19a6df342543710c3b3,3,NPA0220,0.029877
6091f19a6df342543710c3b3,4,NPA0253,0.028446
6091f19a6df342543710c3b3,5,NPA0398,0.027206
6091f19a6df342543710c3b3,6,NPA0172,0.026611
6091f19a6df342543710c3b3,7,NPA0363,0.026553
6091f19a6df342543710c3b3,8,NPA0555,0.026145
6091f19a6df342543710c3b3,9,NPA0429,0.025873
6091f19a6df342543710c3b3,10,NPA0202,0.024594
6091d0676df342543756445c,1,NPA0056,0.032522
6091d0676df342543756445c,2,NPA0101,0.030679
6091d0676df342543756445c,3,NPA0358,0.029857
6091d0676df342543756445c,4,NPA0160,0.029710
6091d0676df342543756445c,5,NPA0368,0.029670
6091d0676df342543756445c,6,NPA0234,0.029083
6091d0676df342543756445c,7,NPA0071,0.028531
6091d0676df342543756445c,8,NPA0373,0.027820
6091d0676df342543756445c,9,NPA0363,0.026519
6091d0676df342543756445c,10,NPA0152,0.026471
60932c906df3425437e3c4b6,1,NPA0406,0.032522
60932c906df3425437e3c4b6,2,NPA0281,0.031514
60932c906df3425437e3c4b6,3,NPA0047,0.030579
60932c906df3425437e3c4b6,4,NPA0511,0.030159
60932c906df3425437e3c4b6,5,NPA0370,0.029514
60932c906df3425437e3c4b6,6,NPA0246,0.027652
60932c906df3425437e3c4b6,7,NPA0197,0.024819
60932c906df3425437e3c4b6,8,NPA0448,0.023894
60932c906df3425437e3c4b6,9,NPA0103,0.023542
60932c906df3425437e3c4b6,10,NPA0240,0.022833
6093f8ca6df3425437adc940,1,NPA0397,0.030214
6093f8ca6df3425437adc940,2,NPA0231,0.030092
6093f8ca6df3425437adc940,3,NPA0004,0.029644
6093f8ca6df3425437adc940,4,NPA0323,0.029040
6093f8ca6df3425437adc940,5,NPA0165,0.028898
6093f8ca6df3425437adc940,6,NPA0378,0.027271
6093f8ca6df3425437adc940,7,NPA0419,0.026154
6093f8ca6df3425437adc940,8,NPA0530,0.026145
6093f8ca6df3425437adc940,9,NPA0107,0.025562
6093f8ca6df3425437adc940,10,NPA0528,0.025429
609147656df3425437b73130,1,NPA0454,0.029040
609147656df3425437b73130,2,NPA0395,0.028624
609147656df3425437b73130,3,NPA0441,0.027240
609147656df3425437b73130,4,NPA0514,0.025849
609147656df3425437b73130,5,NPA0297,0.023889
609147656df3425437b73130,6,NPA0444,0.023847
609147656df3425437b73130,7,NPA0295,0.023284
609147656df3425437b73130,8,NPA0308,0.023253
609147656df3425437b73130,9,NPA0557,0.022886
609147656df3425437b73130,10,NPA0452,0.022617
6095929d6df3425437d0581b,1,NPA0113,0.028718
6095929d6df3425437d0581b,2,NPA0318,0.027212
6095929d6df3425437d0581b,3,NPA0100,0.027151
6095929d6df3425437d0581b,4,NPA0209,0.026494
6095929d6df3425437d0581b,5,NPA0006,0.026137
6095929d6df3425437d0581b,6,NPA0304,0.025562
6095929d6df3425437d0581b,7,NPA0222,0.024448
6095929d6df3425437d0581b,8,NPA0275,0.023994
6095929d6df3425437d0581b,9,NPA0147,0.023972
6095929d6df3425437d0581b,10,NPA0122,0.022458
60938fed6df3425437388de7,1,NPA0393,0.030282
60938fed6df3425437388de7,2,NPA0207,0.028850
60938fed6df3425437388de7,3,NPA0005,0.023911
60938fed6df3425437388de7,4,NPA0558,0.023584
60938fed6df3425437388de7,5,NPA0534,0.023499
60938fed6df3425437388de7,6,NPA0545,0.023215
60938fed6df3425437388de7,7,NPA0059,0.023180
60938fed6df3425437388de7,8,NPA0042,0.023077
60938fed6df3425437388de7,9,NPA0546,0.021047
60938fed6df3425437388de7,10,NPA0008,0.021012
6093c91b6df342543740e97b,1,NPA0361,0.029469
6093c91b6df342543740e97b,2,NPA0092,0.029040
6093c91b6df342543740e97b,3,NPA0437,0.028893
6093c91b6df342543740e97b,4,NPA0304,0.025917
6093c91b6df342543740e97b,5,NPA0037,0.025774
6093c91b6df342543740e97b,6,NPA0506,0.024925
6093c91b6df342543740e97b,7,NPA0236,0.024695
6093c91b6df342543740e97b,8,NPA0262,0.023718
6093c91b6df342543740e97b,9,NPA0302,0.023625
6093c91b6df342543740e97b,10,NPA0363,0.023075
6091d1946df3425437698384,1,NPA0147,0.028589
6091d1946df3425437698384,2,NPA0544,0.026862
6091d1946df3425437698384,3,NPA0064,0.026515
6091d1946df3425437698384,4,NPA0551,0.026023
6091d1946df3425437698384,5,NPA0527,0.025987
6091d1946df3425437698384,6,NPA0324,0.025504
6091d1946df3425437698384,7,NPA0456,0.024532
6091d1946df3425437698384,8,NPA0392,0.024501
6091d1946df3425437698384,9,NPA0243,0.024152
6091d1946df3425437698384,10,NPA0423,0.024147
609204a06df3425437d2713b,1,NPA0429,0.032787
609204a06df3425437d2713b,2,NPA0113,0.031010
609204a06df3425437d2713b,3,NPA0006,0.030798
609204a06df3425437d2713b,4,NPA0521,0.028175
609204a06df3425437d2713b,5,NPA0309,0.028006
609204a06df3425437d2713b,6,NPA0109,0.027984
609204a06df3425437d2713b,7,NPA0352,0.027921
609204a06df3425437d2713b,8,NPA0374,0.025817
609204a06df3425437d2713b,9,NPA0350,0.025653
609204a06df3425437d2713b,10,NPA0129,0.025645
6093c0be6df3425437fd5a58,1,NPA0122,0.029644
6093c0be6df3425437fd5a58,2,NPA0462,0.028158
6093c0be6df3425437fd5a58,3,NPA0006,0.027912
6093c0be6df3425437fd5a58,4,NPA0023,0.027588
6093c0be6df3425437fd5a58,5,NPA0534,0.026905
6093c0be6df3425437fd5a58,6,NPA0547,0.026254
6093c0be6df3425437fd5a58,7,NPA0110,0.024223
6093c0be6df3425437fd5a58,8,NPA0484,0.023840
6093c0be6df3425437fd5a58,9,NPA0068,0.023016
6093c0be6df3425437fd5a58,10,NPA0337,0.022379
609239c06df34254378cc897,1,NPA0546,0.029040
609239c06df34254378cc897,2,NPA0159,0.028043
609239c06df34254378cc897,3,NPA0551,0.027119
609239c06df34254378cc897,4,NPA0544,0.026399
609239c06df34254378cc897,5,NPA0241,0.026357
609239c06df34254378cc897,6,NPA0374,0.025933
609239c06df34254378cc897,7,NPA0076,0.023016
609239c06df34254378cc897,8,NPA0315,0.022727
609239c06df34254378cc897,9,NPA0182,0.021628
609239c06df34254378cc897,10,NPA0524,0.021395
60933e5f6df3425437ce2dff,1,NPA0085,0.032266
60933e5f6df3425437ce2dff,2,NPA0097,0.029857
60933e5f6df3425437ce2dff,3,NPA0342,0.029236
60933e5f6df3425437ce2dff,4,NPA0359,0.027894
60933e5f6df3425437ce2dff,5,NPA0284,0.027367
60933e5f6df3425437ce2dff,6,NPA0378,0.027289
60933e5f6df3425437ce2dff,7,NPA0006,0.025747
60933e5f6df3425437ce2dff,8,NPA0481,0.024786
60933e5f6df3425437ce2dff,9,NPA0007,0.024752
60933e5f6df3425437ce2dff,10,NPA0476,0.024727
60921e2c6df3425437c69942,1,NPA0350,0.031250
60921e2c6df3425437c69942,2,NPA0006,0.028778
60921e2c6df3425437c69942,3,NPA0528,0.028543
60921e2c6df3425437c69942,4,NPA0144,0.026626
60921e2c6df3425437c69942,5,NPA0420,0.025794
60921e2c6df3425437c69942,6,NPA0096,0.024964
60921e2c6df3425437c69942,7,NPA0010,0.024585
60921e2c6df3425437c69942,8,NPA0114,0.024568
60921e2c6df3425437c69942,9,NPA0205,0.024242
60921e2c6df3425437c69942,10,NPA0015,0.023709
60917ee36df3425437b4b8fd,1,NPA0054,0.032522
60917ee36df3425437b4b8fd,2,NPA0513,0.032002
60917ee36df3425437b4b8fd,3,NPA0429,0.029907
60917ee36df3425437b4b8fd,4,NPA0559,0.029211
60917ee36df3425437b4b8fd,5,NPA0491,0.027673
60917ee36df3425437b4b8fd,6,NPA0246,0.027652
60917ee36df3425437b4b8fd,7,NPA0560,0.027364
60917ee36df3425437b4b8fd,8,NPA0197,0.027222
60917ee36df3425437b4b8fd,9,NPA0209,0.026989
60917ee36df3425437b4b8fd,10,NPA0231,0.026779
6093883e6df3425437c6ee81,1,NPA0273,0.030018
6093883e6df3425437c6ee81,2,NPA0093,0.029958
6093883e6df3425437c6ee81,3,NPA0200,0.029206
6093883e6df3425437c6ee81,4,NPA0335,0.028893
6093883e6df3425437c6ee81,5,NPA0153,0.028543
6093883e6df3425437c6ee81,6,NPA0548,0.028158
6093883e6df3425437c6ee81,7,NPA0542,0.027425
6093883e6df3425437c6ee81,8,NPA0271,0.027364
6093883e6df3425437c6ee81,9,NPA0287,0.027347
6093883e6df3425437c6ee81,10,NPA0320,0.027253
6092401a6df3425437bd8798,1,NPA0190,0.030679
6092401a6df3425437bd8798,2,NPA0116,0.030622
6092401a6df3425437bd8798,3,NPA0197,0.027885
6092401a6df3425437bd8798,4,NPA0326,0.026905
6092401a6df3425437bd8798,5,NPA0231,0.026621
6092401a6df3425437bd8798,6,NPA0248,0.026334
6092401a6df3425437bd8798,7,NPA0554,0.024688
6092401a6df3425437bd8798,8,NPA0083,0.024675
6092401a6df3425437bd8798,9,NPA0344,0.023135
6092401a6df3425437bd8798,10,NPA0015,0.021730
609413cf6df34254377de112,1,NPA0326,0.032266
609413cf6df34254377de112,2,NPA0417,0.030769
609413cf6df34254377de112,3,NPA0030,0.028992
609413cf6df34254377de112,4,NPA0014,0.025149
609413cf6df34254377de112,5,NPA0083,0.024066
609413cf6df34254377de112,6,NPA0501,0.023393
609413cf6df34254377de112,7,NPA0552,0.023016
609413cf6df34254377de112,8,NPA0530,0.022867
609413cf6df34254377de112,9,NPA0100,0.022363
609413cf6df34254377de112,10,NPA0414,0.022252
609394bf6df3425437769fd8,1,NPA0163,0.031281
609394bf6df3425437769fd8,2,NPA0100,0.027313
609394bf6df3425437769fd8,3,NPA0528,0.026621
609394bf6df3425437769fd8,4,NPA0275,0.025344
609394bf6df3425437769fd8,5,NPA0444,0.024590
609394bf6df3425437769fd8,6,NPA0489,0.024186
609394bf6df3425437769fd8,7,NPA0463,0.023934
609394bf6df3425437769fd8,8,NPA0291,0.023109
609394bf6df3425437769fd8,9,NPA0295,0.022543
609394bf6df3425437769fd8,10,NPA0200,0.022245
6091ce396df3425437384d7c,1,NPA0283,0.032787
6091ce396df3425437384d7c,2,NPA0320,0.032258
6091ce396df3425437384d7c,3,NPA0469,0.031250
6091ce396df3425437384d7c,4,NPA0272,0.031025
6091ce396df3425437384d7c,5,NPA0490,0.030769
6091ce396df3425437384d7c,6,NPA0093,0.030077
6091ce396df3425437384d7c,7,NPA0548,0.029762
6091ce396df3425437384d7c,8,NPA0273,0.029631
6091ce396df3425437384d7c,9,NPA0471,0.029199
6091ce396df3425437384d7c,10,NPA0091,0.028577
60938d826df342543712a2e6,1,NPA0183,0.032522
60938d826df342543712a2e6,2,NPA0214,0.032522
60938d826df342543712a2e6,3,NPA0488,0.030769
60938d826df342543712a2e6,4,NPA0013,0.028446
60938d826df342543712a2e6,5,NPA0218,0.028039
60938d826df342543712a2e6,6,NPA0429,0.026547
60938d826df342543712a2e6,7,NPA0535,0.026235
60938d826df342543712a2e6,8,NPA0432,0.025522
60938d826df342543712a2e6,9,NPA0093,0.024923
60938d826df342543712a2e6,10,NPA0273,0.024615
609381546df34254375734da,1,NPA0147,0.032018
609381546df34254375734da,2,NPA0432,0.029857
609381546df34254375734da,3,NPA0544,0.028475
609381546df34254375734da,4,NPA0274,0.027149
609381546df34254375734da,5,NPA0551,0.025488
609381546df34254375734da,6,NPA0110,0.025193
609381546df34254375734da,7,NPA0007,0.024383
609381546df34254375734da,8,NPA0481,0.024322
609381546df34254375734da,9,NPA0038,0.022727
609381546df34254375734da,10,NPA0293,0.022689
609235ba6df342543772c126,1,NPA0266,0.030835
609235ba6df342543772c126,2,NPA0255,0.030159
609235ba6df342543772c126,3,NPA0416,0.030077
609235ba6df342543772c126,4,NPA0443,0.029762
609235ba6df342543772c126,5,NPA0273,0.027580
609235ba6df342543772c126,6,NPA0093,0.027497
609235ba6df342543772c126,7,NPA0387,0.026690
609235ba6df342543772c126,8,NPA0272,0.026671
609235ba6df342543772c126,9,NPA0360,0.026389
609235ba6df342543772c126,10,NPA0259,0.025827
6093019a6df3425437562d36,1,NPA0156,0.032018
6093019a6df3425437562d36,2,NPA0469,0.027810
6093019a6df3425437562d36,3,NPA0490,0.027746
6093019a6df3425437562d36,4,NPA0183,0.026546
6093019a6df3425437562d36,5,NPA0468,0.024157
6093019a6df3425437562d36,6,NPA0034,0.024100
6093019a6df3425437562d36,7,NPA0388,0.023625
6093019a6df3425437562d36,8,NPA0143,0.023581
6093019a6df3425437562d36,9,NPA0172,0.023190
6093019a6df3425437562d36,10,NPA0352,0.022627
609124fd6df34254377f9f68,1,NPA0562,0.032787
609124fd6df34254377f9f68,2,NPA0286,0.031754
609124fd6df34254377f9f68,3,NPA0438,0.029958
609124fd6df34254377f9f68,4,NPA0083,0.024476
609124fd6df34254377f9f68,5,NPA0432,0.024056
609124fd6df34254377f9f68,6,NPA0481,0.023720
609124fd6df34254377f9f68,7,NPA0146,0.023438
609124fd6df34254377f9f68,8,NPA0007,0.023430
609124fd6df34254377f9f68,9,NPA0012,0.022844
609124fd6df34254377f9f68,10,NPA0506,0.022670
60917f0a6df3425437b7aacf,1,NPA0454,0.031258
60917f0a6df3425437b7aacf,2,NPA0173,0.029911
60917f0a6df3425437b7aacf,3,NPA0557,0.029116
60917f0a6df3425437b7aacf,4,NPA0334,0.029040
60917f0a6df3425437b7aacf,5,NPA0441,0.027629
60917f0a6df3425437b7aacf,6,NPA0501,0.026614
60917f0a6df3425437b7aacf,7,NPA0094,0.024315
60917f0a6df3425437b7aacf,8,NPA0021,0.022730
60917f0a6df3425437b7aacf,9,NPA0153,0.021622
60917f0a6df3425437b7aacf,10,NPA0297,0.021585
6091f9a16df34254375fcc46,1,NPA0559,0.032522
6091f9a16df34254375fcc46,2,NPA0513,0.032018
6091f9a16df34254375fcc46,3,NPA0054,0.032002
6091f9a16df34254375fcc46,4,NPA0231,0.031010
6091f9a16df34254375fcc46,5,NPA0560,0.029644
6091f9a16df34254375fcc46,6,NPA0221,0.029211
6091f9a16df34254375fcc46,7,NPA0561,0.029199
6091f9a16df34254375fcc46,8,NPA0024,0.026334
6091f9a16df34254375fcc46,9,NPA0032,0.026320
6091f9a16df34254375fcc46,10,NPA0270,0.026200
6091cab66df342543706f0c3,1,NPA0159,0.032787
6091cab66df342543706f0c3,2,NPA0546,0.032258
6091cab66df342543706f0c3,3,NPA0353,0.031258
6091cab66df342543706f0c3,4,NPA0548,0.030090
6091cab66df342543706f0c3,5,NPA0312,0.029911
6091cab66df342543706f0c3,6,NPA0310,0.028309
6091cab66df342543706f0c3,7,NPA0393,0.026357
6091cab66df342543706f0c3,8,NPA0279,0.026070
6091cab66df342543706f0c3,9,NPA0515,0.024203
6091cab66df342543706f0c3,10,NPA0174,0.023573
609305e26df342543752a37a,1,NPA0023,0.027894
609305e26df342543752a37a,2,NPA0503,0.025827
609305e26df342543752a37a,3,NPA0304,0.025402
609305e26df342543752a37a,4,NPA0378,0.025278
609305e26df342543752a37a,5,NPA0302,0.025158
609305e26df342543752a37a,6,NPA0340,0.024569
609305e26df342543752a37a,7,NPA0096,0.024497
609305e26df342543752a37a,8,NPA0180,0.023859
609305e26df342543752a37a,9,NPA0006,0.023810
609305e26df342543752a37a,10,NPA0349,0.023201
60915fc86df34254378ac162,1,NPA0559,0.032787
60915fc86df34254378ac162,2,NPA0539,0.027242
60915fc86df34254378ac162,3,NPA0234,0.026646
60915fc86df34254378ac162,4,NPA0393,0.025307
60915fc86df34254378ac162,5,NPA0190,0.024752
60915fc86df34254378ac162,6,NPA0064,0.024730
60915fc86df34254378ac162,7,NPA0522,0.024090
60915fc86df34254378ac162,8,NPA0140,0.022593
60915fc86df34254378ac162,9,NPA0314,0.022100
60915fc86df34254378ac162,10,NPA0521,0.021089
609149ca6df3425437caad47,1,NPA0304,0.030303
609149ca6df3425437caad47,2,NPA0210,0.030282
609149ca6df3425437caad47,3,NPA0539,0.029083
609149ca6df3425437caad47,4,NPA0359,0.027623
609149ca6df3425437caad47,5,NPA0242,0.026585
609149ca6df3425437caad47,6,NPA0234,0.026481
609149ca6df3425437caad47,7,NPA0099,0.026009
609149ca6df3425437caad47,8,NPA0284,0.025677
609149ca6df3425437caad47,9,NPA0393,0.025504
609149ca6df3425437caad47,10,NPA0480,0.024475
